"user_id","name","screen_name","location","description","protected","followers_count","friends_count","listed_count","created_at","favourites_count","utc_offset","time_zone","geo_enabled","verified","statuses_count","lang","contributors_enabled","is_translator","is_translation_enabled","profile_background_color","profile_background_image_url","profile_background_image_url_https","profile_background_tile","profile_image_url","profile_image_url_https","profile_image_url.1","profile_image_url_https.1","profile_link_color","profile_sidebar_border_color","profile_sidebar_fill_color","profile_text_color","profile_use_background_image","default_profile","default_profile_image","profile_banner_url"
"818288213123067908","SaRa <f0><U+009F><U+008C><U+00B8>","Sara_lig14","u.s.a","<U+200F><U+200F><U+200F><U+200F><U+200F>ιμιο ν ©¬ινλμ <f0><U+009F><U+0092><U+009C>",FALSE,911,507,0,2017-01-09 02:48:07,36,NA,NA,FALSE,FALSE,684,"en",FALSE,FALSE,FALSE,"F5F8FA",NA,NA,FALSE,"http://pbs.twimg.com/profile_images/867428876699541505/F4cKE1NH_normal.jpg","https://pbs.twimg.com/profile_images/867428876699541505/F4cKE1NH_normal.jpg","http://pbs.twimg.com/profile_images/867428876699541505/F4cKE1NH_normal.jpg","https://pbs.twimg.com/profile_images/867428876699541505/F4cKE1NH_normal.jpg","1DA1F2","C0DEED","DDEEF6","333333",TRUE,TRUE,FALSE,"https://pbs.twimg.com/profile_banners/818288213123067908/1484060024"
"844358584175677440","RaNa Mohamed <f0><U+009F><U+008C><U+00BC>","Ranashaikhoun96",NA,"zamalek <U+2764>
Learn how to be an unbreakable queen <f0><U+009F><U+0091><U+0091>",FALSE,208,76,1,2017-03-22 01:22:28,30,NA,NA,FALSE,FALSE,307,"en",FALSE,FALSE,FALSE,"F5F8FA",NA,NA,FALSE,"http://pbs.twimg.com/profile_images/864310874869301248/gPngnPnY_normal.jpg","https://pbs.twimg.com/profile_images/864310874869301248/gPngnPnY_normal.jpg","http://pbs.twimg.com/profile_images/864310874869301248/gPngnPnY_normal.jpg","https://pbs.twimg.com/profile_images/864310874869301248/gPngnPnY_normal.jpg","1DA1F2","C0DEED","DDEEF6","333333",TRUE,TRUE,FALSE,"https://pbs.twimg.com/profile_banners/844358584175677440/1494109280"
"4453370181","<U+569A>ι¬ο• ο•κ •¦<U+D2A0>","emanoelalber","tanta ","<U+200F><U+200F><U+200F><U+200F>¬¦­ κιν¬ ο ικμ <f0><U+009F><U+0098><U+0091><f0><U+009F><U+0098><U+0091>",FALSE,749,631,2,2015-12-11 23:38:40,498,NA,NA,FALSE,FALSE,1587,"en",FALSE,FALSE,FALSE,"F5F8FA",NA,NA,FALSE,"http://pbs.twimg.com/profile_images/866624454486568965/uO_AvKEB_normal.jpg","https://pbs.twimg.com/profile_images/866624454486568965/uO_AvKEB_normal.jpg","http://pbs.twimg.com/profile_images/866624454486568965/uO_AvKEB_normal.jpg","https://pbs.twimg.com/profile_images/866624454486568965/uO_AvKEB_normal.jpg","1DA1F2","C0DEED","DDEEF6","333333",TRUE,TRUE,FALSE,"https://pbs.twimg.com/profile_banners/4453370181/1494786708"
"2551386026","mo.abozaid_official","mo14abozaid",NA,"for Al Ahly I am a racist",FALSE,666,44,2,2014-06-07 02:13:31,1054,7200,"Cairo",FALSE,FALSE,18,"en",FALSE,FALSE,FALSE,"000000","http://abs.twimg.com/images/themes/theme1/bg.png","https://abs.twimg.com/images/themes/theme1/bg.png",FALSE,"http://pbs.twimg.com/profile_images/862792979240685568/q1jF21lk_normal.jpg","https://pbs.twimg.com/profile_images/862792979240685568/q1jF21lk_normal.jpg","http://pbs.twimg.com/profile_images/862792979240685568/q1jF21lk_normal.jpg","https://pbs.twimg.com/profile_images/862792979240685568/q1jF21lk_normal.jpg","E81C4F","000000","000000","000000",FALSE,FALSE,FALSE,"https://pbs.twimg.com/profile_banners/2551386026/1490482201"
"838827328880934913","M","mohamed___Top","κ­©","<U+200F><U+200F>",FALSE,1389,414,1,2017-03-06 19:03:14,601,NA,NA,FALSE,FALSE,4775,"ar",FALSE,FALSE,FALSE,"F5F8FA",NA,NA,FALSE,"http://pbs.twimg.com/profile_images/867753168020615170/Lw-oxNnf_normal.jpg","https://pbs.twimg.com/profile_images/867753168020615170/Lw-oxNnf_normal.jpg","http://pbs.twimg.com/profile_images/867753168020615170/Lw-oxNnf_normal.jpg","https://pbs.twimg.com/profile_images/867753168020615170/Lw-oxNnf_normal.jpg","1DA1F2","C0DEED","DDEEF6","333333",TRUE,TRUE,FALSE,"https://pbs.twimg.com/profile_banners/838827328880934913/1494771125"
"3429622869","rwan ghaly<f0><U+009F><U+008C><U+00B8><U+2693>","rwanghaly","from Damietta ","don't let a bad day make you feel like you have a bad life <f0><U+009F><U+008C><U+00B9>
B.F noran, yara, alaa, rowan,maryam<f0><U+009F><U+008C><U+008D><f0><U+009F><U+0092><U+009C>
νιλ εο ιμιο ¥ομ <U+2764><U+26BD>",FALSE,389,198,4,2015-08-18 10:33:01,31,NA,NA,FALSE,FALSE,724,"ar",FALSE,FALSE,FALSE,"000000","http://abs.twimg.com/images/themes/theme1/bg.png","https://abs.twimg.com/images/themes/theme1/bg.png",FALSE,"http://pbs.twimg.com/profile_images/866230008578179072/nNbnsD4X_normal.jpg","https://pbs.twimg.com/profile_images/866230008578179072/nNbnsD4X_normal.jpg","http://pbs.twimg.com/profile_images/866230008578179072/nNbnsD4X_normal.jpg","https://pbs.twimg.com/profile_images/866230008578179072/nNbnsD4X_normal.jpg","F58EA8","000000","000000","000000",FALSE,FALSE,FALSE,"https://pbs.twimg.com/profile_banners/3429622869/1492381092"
"771012888257499136","Hossam","hossamn2000",NA,"<f0><U+009F><U+0098><U+0090><f0><U+009F><U+0098><U+009E><f0><U+009F><U+0098><U+0092>",FALSE,69,29,0,2016-08-31 15:52:52,57,NA,NA,FALSE,FALSE,18,"ar",FALSE,FALSE,FALSE,"F5F8FA",NA,NA,FALSE,"http://pbs.twimg.com/profile_images/866671911597682693/C9D899JJ_normal.jpg","https://pbs.twimg.com/profile_images/866671911597682693/C9D899JJ_normal.jpg","http://pbs.twimg.com/profile_images/866671911597682693/C9D899JJ_normal.jpg","https://pbs.twimg.com/profile_images/866671911597682693/C9D899JJ_normal.jpg","1DA1F2","C0DEED","DDEEF6","333333",TRUE,TRUE,FALSE,"https://pbs.twimg.com/profile_banners/771012888257499136/1472847971"
"853996382193168384","Nada Zain<f0><U+009F><U+008C><U+00B8>","nada_zain74","El Daqahlia, Egypt","<U+200F>ι¥κ§ ιιμ<f0><U+009F><U+0092><U+0097>",FALSE,162,51,0,2017-04-17 15:39:38,87,NA,NA,FALSE,FALSE,119,"en",FALSE,FALSE,FALSE,"F5F8FA",NA,NA,FALSE,"http://pbs.twimg.com/profile_images/866409521836687361/ZUuyH2rM_normal.jpg","https://pbs.twimg.com/profile_images/866409521836687361/ZUuyH2rM_normal.jpg","http://pbs.twimg.com/profile_images/866409521836687361/ZUuyH2rM_normal.jpg","https://pbs.twimg.com/profile_images/866409521836687361/ZUuyH2rM_normal.jpg","1DA1F2","C0DEED","DDEEF6","333333",TRUE,TRUE,FALSE,"https://pbs.twimg.com/profile_banners/853996382193168384/1495487102"
"3923156835","Hessen <f0><U+009F><U+008E><U+00B8><f0><U+009F><U+00A4><U+0098><f0><U+009F><U+008F><U+00BB>","Hessen_UA07","Cairo, Egypt","guitarist <f0><U+009F><U+008E><U+00B8> snapchat: hessen99 ,insta: hessen9",FALSE,211,502,1,2015-10-11 01:01:52,1795,NA,NA,TRUE,FALSE,964,"en",FALSE,FALSE,FALSE,"C0DEED","http://abs.twimg.com/images/themes/theme1/bg.png","https://abs.twimg.com/images/themes/theme1/bg.png",FALSE,"http://pbs.twimg.com/profile_images/867764213959327744/OKOV3I2E_normal.jpg","https://pbs.twimg.com/profile_images/867764213959327744/OKOV3I2E_normal.jpg","http://pbs.twimg.com/profile_images/867764213959327744/OKOV3I2E_normal.jpg","https://pbs.twimg.com/profile_images/867764213959327744/OKOV3I2E_normal.jpg","1DA1F2","C0DEED","DDEEF6","333333",TRUE,TRUE,FALSE,"https://pbs.twimg.com/profile_banners/3923156835/1490922763"
"128959700","Mai","Maielhadedy","New Cairo","The type of girls you don't wanna miss with . #AlAhly #Cristiano #Mounir",FALSE,102,81,0,2010-04-02 18:55:31,15,-18000,"Quito",FALSE,FALSE,36,"en",FALSE,FALSE,FALSE,"C0DEED","http://abs.twimg.com/images/themes/theme1/bg.png","https://abs.twimg.com/images/themes/theme1/bg.png",FALSE,"http://pbs.twimg.com/profile_images/867550493488402435/Fw511J_M_normal.jpg","https://pbs.twimg.com/profile_images/867550493488402435/Fw511J_M_normal.jpg","http://pbs.twimg.com/profile_images/867550493488402435/Fw511J_M_normal.jpg","https://pbs.twimg.com/profile_images/867550493488402435/Fw511J_M_normal.jpg","1DA1F2","C0DEED","DDEEF6","333333",TRUE,TRUE,FALSE,"https://pbs.twimg.com/profile_banners/128959700/1495675329"
"720359109149724672","MYTOO <f0><U+009F><U+0090><U+00BC><f0><U+009F><U+0092><U+0099>","mai_shady_","Domiat, Egypt","<U+200F><U+200F><U+200F>~ <U+200F><U+200F>γο¬ν ικ¬μ§ θι κ¬μ§ ο κ οθνλ ι¦ο© <U+2764><U+270B>",FALSE,960,988,1,2016-04-13 21:12:50,171,NA,NA,FALSE,FALSE,2182,"en",FALSE,FALSE,FALSE,"F5F8FA",NA,NA,FALSE,"http://pbs.twimg.com/profile_images/853735845035114496/PoNlGGDI_normal.jpg","https://pbs.twimg.com/profile_images/853735845035114496/PoNlGGDI_normal.jpg","http://pbs.twimg.com/profile_images/853735845035114496/PoNlGGDI_normal.jpg","https://pbs.twimg.com/profile_images/853735845035114496/PoNlGGDI_normal.jpg","1DA1F2","C0DEED","DDEEF6","333333",TRUE,TRUE,FALSE,"https://pbs.twimg.com/profile_banners/720359109149724672/1492381462"
"4876711894","Raghadμο§νο΅(<f0><U+009F><U+0087><U+00B4><f0><U+009F><U+0087><U+00B2>)","RaghadR14786139","«ιαλ΅ γκλ","<U+200F><U+200F><U+200F><U+200F><U+200F><U+200F>μι ν«μι  θκ εο ­ε¥΅ §γκ ιελλ΅ ι©γ΅ ιελλ΅ #μο§ο_κν«ο
<U+200E>@haidymoussa",FALSE,828,527,4,2016-02-04 16:01:29,7501,-25200,"Pacific Time (US & Canada)",TRUE,FALSE,49700,"ar",FALSE,FALSE,FALSE,"000000","http://abs.twimg.com/images/themes/theme1/bg.png","https://abs.twimg.com/images/themes/theme1/bg.png",FALSE,"http://pbs.twimg.com/profile_images/867465252350427136/ro5v2exP_normal.jpg","https://pbs.twimg.com/profile_images/867465252350427136/ro5v2exP_normal.jpg","http://pbs.twimg.com/profile_images/867465252350427136/ro5v2exP_normal.jpg","https://pbs.twimg.com/profile_images/867465252350427136/ro5v2exP_normal.jpg","981CEB","000000","000000","000000",FALSE,FALSE,FALSE,"https://pbs.twimg.com/profile_banners/4876711894/1493183659"
"782571051431714816","abdelrahman khaled","I_rocky14",NA,"nickname : #rocky 20 years  Muslim/ Beginner actor/ Boxing player / wanna be a great Egyptian boxing player in world #zamalekSC is my team <f0><U+009F><U+0098><U+008D>",FALSE,690,995,1,2016-10-02 13:20:53,323,NA,NA,FALSE,FALSE,2790,"en",FALSE,FALSE,FALSE,"F5F8FA",NA,NA,FALSE,"http://pbs.twimg.com/profile_images/850773523090079745/RO_qdnrA_normal.jpg","https://pbs.twimg.com/profile_images/850773523090079745/RO_qdnrA_normal.jpg","http://pbs.twimg.com/profile_images/850773523090079745/RO_qdnrA_normal.jpg","https://pbs.twimg.com/profile_images/850773523090079745/RO_qdnrA_normal.jpg","1DA1F2","C0DEED","DDEEF6","333333",TRUE,TRUE,FALSE,"https://pbs.twimg.com/profile_banners/782571051431714816/1491675829"
"3315650540","almulhham","almulhham","ικκιθ΅ ιγ© ο΅ ι«γν§ο΅","Ά γλο Ά γθ μλ νγιξ ι¥«  ι««ο@mulhham",FALSE,5691,5131,6,2015-08-15 05:01:17,95,10800,"Riyadh",FALSE,FALSE,745,"ar",FALSE,FALSE,FALSE,"000000","http://abs.twimg.com/images/themes/theme1/bg.png","https://abs.twimg.com/images/themes/theme1/bg.png",FALSE,"http://pbs.twimg.com/profile_images/841141976653266944/OGAvV39d_normal.jpg","https://pbs.twimg.com/profile_images/841141976653266944/OGAvV39d_normal.jpg","http://pbs.twimg.com/profile_images/841141976653266944/OGAvV39d_normal.jpg","https://pbs.twimg.com/profile_images/841141976653266944/OGAvV39d_normal.jpg","9266CC","000000","000000","000000",FALSE,FALSE,FALSE,"https://pbs.twimg.com/profile_banners/3315650540/1489046389"
"1594713594","ahmad saad","ahmedmsaaad","port said and Domiat, Egypt","ahmad-younis mounir as7aby  zamalkawy w aft5eer #joker dont forget 20 uwk ιΆιΆ΅ οκολ #
my tweets in likes <U+2764>   
psu commerce
snap:ahmedssaadaaa
deactive",FALSE,1037,824,6,2013-07-15 02:05:50,678,7200,"Cairo",TRUE,FALSE,60098,"en",FALSE,FALSE,FALSE,"C6E2EE","http://pbs.twimg.com/profile_background_images/378800000023986188/f6b4371d3183051a95519f5d5d6aa5fb.jpeg","https://pbs.twimg.com/profile_background_images/378800000023986188/f6b4371d3183051a95519f5d5d6aa5fb.jpeg",TRUE,"http://pbs.twimg.com/profile_images/861999021237436418/9NcxiG1x_normal.jpg","https://pbs.twimg.com/profile_images/861999021237436418/9NcxiG1x_normal.jpg","http://pbs.twimg.com/profile_images/861999021237436418/9NcxiG1x_normal.jpg","https://pbs.twimg.com/profile_images/861999021237436418/9NcxiG1x_normal.jpg","1F98C7","FFFFFF","DAECF4","663B12",TRUE,FALSE,FALSE,"https://pbs.twimg.com/profile_banners/1594713594/1493668783"
"4515829817","ι§©νο¬ <f0><U+009F><U+0098><U+0089><U+270C>","ahmedyosseff1g1","El Daqahlia, Egypt","<U+200F><U+200F><U+200F>ιιμκ λο  © ιοθ κλ ¥νιο ν ηνΆο ιο ¥νιθ νηνΆθ  ει ¥νι νι ηνμ ιο ι  θ <f0><U+009F><U+0099><U+008F><U+263A>",FALSE,424,10,0,2015-12-17 17:03:19,213,NA,NA,FALSE,FALSE,591,"en",FALSE,FALSE,FALSE,"F5F8FA",NA,NA,FALSE,"http://pbs.twimg.com/profile_images/867539562423349248/vbYYX51P_normal.jpg","https://pbs.twimg.com/profile_images/867539562423349248/vbYYX51P_normal.jpg","http://pbs.twimg.com/profile_images/867539562423349248/vbYYX51P_normal.jpg","https://pbs.twimg.com/profile_images/867539562423349248/vbYYX51P_normal.jpg","1DA1F2","C0DEED","DDEEF6","333333",TRUE,TRUE,FALSE,"https://pbs.twimg.com/profile_banners/4515829817/1491380721"
"855446656313151489","Bavly Bevo","bavly_bevo","Cairo, Egypt","ι©  κγθ ο ¤ © ι « <U+2764><U+FE0F>",FALSE,25,52,0,2017-04-21 15:42:31,3,NA,NA,FALSE,FALSE,11,"en",FALSE,FALSE,FALSE,"F5F8FA",NA,NA,FALSE,"http://pbs.twimg.com/profile_images/862257789938397184/0ggiREW5_normal.jpg","https://pbs.twimg.com/profile_images/862257789938397184/0ggiREW5_normal.jpg","http://pbs.twimg.com/profile_images/862257789938397184/0ggiREW5_normal.jpg","https://pbs.twimg.com/profile_images/862257789938397184/0ggiREW5_normal.jpg","1DA1F2","C0DEED","DDEEF6","333333",TRUE,TRUE,FALSE,"https://pbs.twimg.com/profile_banners/855446656313151489/1494413254"
"859308439918530560","<U+00D1><U+00F3>G<U+0303><U+033E>… <U+043A><U+0303><U+033E><U+0251><U+0303><U+033E><U+043C><U+0303><U+033E>‚","ZMylove2008",NA,"<U+200F><U+200F><U+200F>κ¤λνλ΅ κΆθ ©΅<U+270B>
γηι΅ κΆνΰγ΅<f0><U+009F><U+0098><U+008A>
κ¬θ«΅ ιθλο γ¬η ιμ§ν<f0><U+009F><U+0098><U+008D>
γ¬ηο ι ¥© <f0><U+009F><U+0098><U+008D>ιθολ¤ <f0><U+009F><U+0092><U+0097>ιμΰ ΅<f0><U+009F><U+0092><U+0097>
κιο¬ εο ιθν©΅  «  ¬¤γ κλΆ¦   ι§ο<f0><U+009F><U+0098><U+0089><f0><U+009F><U+0098><U+008D>
μΆγκι follow μΆ¦§ ιback<U+00D7><f0><U+009F><U+0091><U+008B>",FALSE,531,458,0,2017-05-02 07:27:52,47,NA,NA,FALSE,FALSE,57,"ar",FALSE,FALSE,FALSE,"000000","http://abs.twimg.com/images/themes/theme1/bg.png","https://abs.twimg.com/images/themes/theme1/bg.png",FALSE,"http://pbs.twimg.com/profile_images/862000570382655488/78ecPv2x_normal.jpg","https://pbs.twimg.com/profile_images/862000570382655488/78ecPv2x_normal.jpg","http://pbs.twimg.com/profile_images/862000570382655488/78ecPv2x_normal.jpg","https://pbs.twimg.com/profile_images/862000570382655488/78ecPv2x_normal.jpg","F58EA8","000000","000000","000000",FALSE,FALSE,FALSE,"https://pbs.twimg.com/profile_banners/859308439918530560/1493711513"
"243280630","Mohamed ibrahim","mohmedibrahiim","madenit nasr","grandmother <f0><U+009F><U+0098><U+008D><f0><U+009F><U+0098><U+008D>
 #Bis νιν Ά©οηΆ εΆθ© λμ κκθλ ο¤ο εο γοιθ <f0><U+009F><U+0098><U+0082><f0><U+009F><U+0098><U+0082> 
instagram: mohamed_ibrahim311
snapchat : m_ibrahiiim
https://t.co/96mSwhfKGm",FALSE,3770,4608,2,2011-01-26 18:15:22,402,7200,"Cairo",TRUE,FALSE,2702,"en",FALSE,FALSE,FALSE,"000000","http://abs.twimg.com/images/themes/theme6/bg.gif","https://abs.twimg.com/images/themes/theme6/bg.gif",FALSE,"http://pbs.twimg.com/profile_images/863360236186480640/4ZgxTKP-_normal.jpg","https://pbs.twimg.com/profile_images/863360236186480640/4ZgxTKP-_normal.jpg","http://pbs.twimg.com/profile_images/863360236186480640/4ZgxTKP-_normal.jpg","https://pbs.twimg.com/profile_images/863360236186480640/4ZgxTKP-_normal.jpg","91D2FA","000000","000000","000000",FALSE,FALSE,FALSE,"https://pbs.twimg.com/profile_banners/243280630/1493760698"
"3923156835","Hessen <f0><U+009F><U+008E><U+00B8><f0><U+009F><U+00A4><U+0098><f0><U+009F><U+008F><U+00BB>","Hessen_UA07","Cairo, Egypt","guitarist <f0><U+009F><U+008E><U+00B8> snapchat: hessen99 ,insta: hessen9",FALSE,211,502,1,2015-10-11 01:01:52,1795,NA,NA,TRUE,FALSE,964,"en",FALSE,FALSE,FALSE,"C0DEED","http://abs.twimg.com/images/themes/theme1/bg.png","https://abs.twimg.com/images/themes/theme1/bg.png",FALSE,"http://pbs.twimg.com/profile_images/867764213959327744/OKOV3I2E_normal.jpg","https://pbs.twimg.com/profile_images/867764213959327744/OKOV3I2E_normal.jpg","http://pbs.twimg.com/profile_images/867764213959327744/OKOV3I2E_normal.jpg","https://pbs.twimg.com/profile_images/867764213959327744/OKOV3I2E_normal.jpg","1DA1F2","C0DEED","DDEEF6","333333",TRUE,TRUE,FALSE,"https://pbs.twimg.com/profile_banners/3923156835/1490922763"
"865233668087873538","Habiba <U+2728>","HabibaOsman15","Damnhour","New Acc",FALSE,112,33,0,2017-05-18 15:52:36,41,NA,NA,FALSE,FALSE,632,"ar",FALSE,FALSE,FALSE,"F5F8FA",NA,NA,FALSE,"http://pbs.twimg.com/profile_images/865235667722358784/bvhqr0D0_normal.jpg","https://pbs.twimg.com/profile_images/865235667722358784/bvhqr0D0_normal.jpg","http://pbs.twimg.com/profile_images/865235667722358784/bvhqr0D0_normal.jpg","https://pbs.twimg.com/profile_images/865235667722358784/bvhqr0D0_normal.jpg","1DA1F2","C0DEED","DDEEF6","333333",TRUE,TRUE,FALSE,"https://pbs.twimg.com/profile_banners/865233668087873538/1495141474"
"832377108777332736","<U+3083> ™<U+0332>ι<U+0332><U+069D>ο<U+06D2>™<U+0332>§<U+0332>","hishamM360","Alarish","οκοιο ιη§οκ @hishammagdy360 
ι¥ιν  ιλ« ιο λ ι¨νη θοε <U+2618>νκι λΆ εθ© λ γΰκ ι«κθ «κν ¬νθ ιομ !<U+261D> λ  ι§ ©«ο ΰ¥θ κλ ηι θ<U+30C4> ν «ο μ γιο ιιμ<U+060C><U+060C> zamalek<U+2764>",FALSE,178,103,0,2017-02-16 23:52:22,74,NA,NA,FALSE,FALSE,280,"en",FALSE,FALSE,FALSE,"000000","http://abs.twimg.com/images/themes/theme1/bg.png","https://abs.twimg.com/images/themes/theme1/bg.png",FALSE,"http://pbs.twimg.com/profile_images/863005302173597696/QKZQJTwa_normal.jpg","https://pbs.twimg.com/profile_images/863005302173597696/QKZQJTwa_normal.jpg","http://pbs.twimg.com/profile_images/863005302173597696/QKZQJTwa_normal.jpg","https://pbs.twimg.com/profile_images/863005302173597696/QKZQJTwa_normal.jpg","000088","000000","000000","000000",FALSE,FALSE,FALSE,"https://pbs.twimg.com/profile_banners/832377108777332736/1487351005"
"4025337928","AliSabry The Second","i_AliSabry","Marsa Matrouh","-<U+200F>super hero of the γινηο΅
-η§ θνθ  ικ¬Ά©θ
-<U+200F><U+200F><U+200F>ηιοι ι§  .. <f0><U+009F><U+0092><U+0096>
CheckOutMyLikes .. :)",FALSE,191,195,2,2015-10-23 16:10:48,71,NA,NA,FALSE,FALSE,539,"en",FALSE,FALSE,FALSE,"C0DEED","http://abs.twimg.com/images/themes/theme1/bg.png","https://abs.twimg.com/images/themes/theme1/bg.png",FALSE,"http://pbs.twimg.com/profile_images/846854474987704320/n3DaEvpM_normal.jpg","https://pbs.twimg.com/profile_images/846854474987704320/n3DaEvpM_normal.jpg","http://pbs.twimg.com/profile_images/846854474987704320/n3DaEvpM_normal.jpg","https://pbs.twimg.com/profile_images/846854474987704320/n3DaEvpM_normal.jpg","1DA1F2","C0DEED","DDEEF6","333333",TRUE,TRUE,FALSE,"https://pbs.twimg.com/profile_banners/4025337928/1481845341"
"3689817501","©οκ™ μ™λκ <f0><U+009F><U+0091><U+0091>","rema22_rema","Cairo, Egypt","Accept what is, let go of what was, have faith in what will be! <U+2764> ;) .. <f0><U+009F><U+0092><U+0082>",FALSE,509,414,2,2015-09-17 21:52:10,492,-25200,"Pacific Time (US & Canada)",FALSE,FALSE,987,"en",FALSE,FALSE,FALSE,"000000","http://abs.twimg.com/images/themes/theme1/bg.png","https://abs.twimg.com/images/themes/theme1/bg.png",FALSE,"http://pbs.twimg.com/profile_images/867478387618611201/TFMAnIXD_normal.jpg","https://pbs.twimg.com/profile_images/867478387618611201/TFMAnIXD_normal.jpg","http://pbs.twimg.com/profile_images/867478387618611201/TFMAnIXD_normal.jpg","https://pbs.twimg.com/profile_images/867478387618611201/TFMAnIXD_normal.jpg","1B95E0","000000","000000","000000",FALSE,FALSE,FALSE,"https://pbs.twimg.com/profile_banners/3689817501/1495417068"
"2455150320","κ›‘<f0><U+009F><U+0092><U+00AD>","moumenmeky","africa","Lfc<U+26BD><f0><U+009F><U+0094><U+00A5>
be nice or go away",FALSE,793,161,3,2014-04-20 14:54:10,1229,10800,"Riyadh",TRUE,FALSE,21387,"ar",FALSE,FALSE,FALSE,"8E8099","http://pbs.twimg.com/profile_background_images/458035812005736448/1_GFpvqM.jpeg","https://pbs.twimg.com/profile_background_images/458035812005736448/1_GFpvqM.jpeg",TRUE,"http://pbs.twimg.com/profile_images/867545988772368384/ZKOmY9iG_normal.jpg","https://pbs.twimg.com/profile_images/867545988772368384/ZKOmY9iG_normal.jpg","http://pbs.twimg.com/profile_images/867545988772368384/ZKOmY9iG_normal.jpg","https://pbs.twimg.com/profile_images/867545988772368384/ZKOmY9iG_normal.jpg","080708","000000","C0DFEC","333333",TRUE,FALSE,FALSE,"https://pbs.twimg.com/profile_banners/2455150320/1495332844"
"865233668087873538","Habiba <U+2728>","HabibaOsman15","Damnhour","New Acc",FALSE,112,33,0,2017-05-18 15:52:36,41,NA,NA,FALSE,FALSE,632,"ar",FALSE,FALSE,FALSE,"F5F8FA",NA,NA,FALSE,"http://pbs.twimg.com/profile_images/865235667722358784/bvhqr0D0_normal.jpg","https://pbs.twimg.com/profile_images/865235667722358784/bvhqr0D0_normal.jpg","http://pbs.twimg.com/profile_images/865235667722358784/bvhqr0D0_normal.jpg","https://pbs.twimg.com/profile_images/865235667722358784/bvhqr0D0_normal.jpg","1DA1F2","C0DEED","DDEEF6","333333",TRUE,TRUE,FALSE,"https://pbs.twimg.com/profile_banners/865233668087873538/1495141474"
"815133314155761665","Hisham Ibrahim","HishamIbrahim77","ιημ©΅, κ­©","κα©   §© ιν © ικ­©ομ",FALSE,6805,7428,1,2016-12-31 09:51:41,17,-25200,"Pacific Time (US & Canada)",FALSE,FALSE,22,"ar",FALSE,FALSE,FALSE,"000000","http://abs.twimg.com/images/themes/theme1/bg.png","https://abs.twimg.com/images/themes/theme1/bg.png",FALSE,"http://pbs.twimg.com/profile_images/864868020543422464/xhifwvJj_normal.jpg","https://pbs.twimg.com/profile_images/864868020543422464/xhifwvJj_normal.jpg","http://pbs.twimg.com/profile_images/864868020543422464/xhifwvJj_normal.jpg","https://pbs.twimg.com/profile_images/864868020543422464/xhifwvJj_normal.jpg","E81C4F","000000","000000","000000",FALSE,FALSE,FALSE,"https://pbs.twimg.com/profile_banners/815133314155761665/1485958094"
"867448883475083275","Engy Tamer","engy_tamer9","Alex ","Zamalek<U+2665><U+2665>",FALSE,21,54,0,2017-05-24 18:35:05,0,NA,NA,FALSE,FALSE,7,"en",FALSE,FALSE,FALSE,"F5F8FA",NA,NA,FALSE,"http://pbs.twimg.com/profile_images/867756218835763200/bv2SHTcf_normal.jpg","https://pbs.twimg.com/profile_images/867756218835763200/bv2SHTcf_normal.jpg","http://pbs.twimg.com/profile_images/867756218835763200/bv2SHTcf_normal.jpg","https://pbs.twimg.com/profile_images/867756218835763200/bv2SHTcf_normal.jpg","1DA1F2","C0DEED","DDEEF6","333333",TRUE,TRUE,FALSE,"https://pbs.twimg.com/profile_banners/867448883475083275/1495724166"
"806717629146734592","κ¥κ§","Mohamed198200","ιημ©΅, κ­©","<U+200F><U+200F><U+200F><U+200F><U+200F><U+200F><U+200F><U+200F><U+200F>εΰι Άγ•©οε ι¨Άθ@λ‘θ ι«Ά εΰι κλ ¥§@νι«•Ά θο‘ ¥§@ν ι«Ά ηι‘ κλ ¥§",FALSE,7351,7485,3,2016-12-08 04:30:45,315,NA,NA,FALSE,FALSE,6019,"ar",FALSE,FALSE,FALSE,"F5F8FA",NA,NA,FALSE,"http://pbs.twimg.com/profile_images/865516465713168384/wMbc6B9U_normal.jpg","https://pbs.twimg.com/profile_images/865516465713168384/wMbc6B9U_normal.jpg","http://pbs.twimg.com/profile_images/865516465713168384/wMbc6B9U_normal.jpg","https://pbs.twimg.com/profile_images/865516465713168384/wMbc6B9U_normal.jpg","1DA1F2","C0DEED","DDEEF6","333333",TRUE,TRUE,FALSE,"https://pbs.twimg.com/profile_banners/806717629146734592/1487495982"
"2212681423","Walaa Atallah","WalaaAtallah1","Assuit","The miracle is that you change yourself first, and then everything will be easy.
My Family,Writing,Movies,Music,Zamalik.",FALSE,4574,3523,6,2013-11-24 15:50:11,692,7200,"Cairo",TRUE,FALSE,6695,"ar",FALSE,FALSE,FALSE,"8B542B","http://pbs.twimg.com/profile_background_images/723904329711656960/SqSlcuPV.jpg","https://pbs.twimg.com/profile_background_images/723904329711656960/SqSlcuPV.jpg",TRUE,"http://pbs.twimg.com/profile_images/856641423550140416/ES_TI7wa_normal.jpg","https://pbs.twimg.com/profile_images/856641423550140416/ES_TI7wa_normal.jpg","http://pbs.twimg.com/profile_images/856641423550140416/ES_TI7wa_normal.jpg","https://pbs.twimg.com/profile_images/856641423550140416/ES_TI7wa_normal.jpg","ABB8C2","000000","7AC3EE","3D1957",FALSE,FALSE,FALSE,"https://pbs.twimg.com/profile_banners/2212681423/1494003542"
"414664748","michael κοθι","michaelsaad9",NA,"λο« Άν κοΆ ον. Άν κοΆ ον λο«",FALSE,6957,5167,4,2011-11-17 10:19:01,177,-7200,"Greenland",FALSE,FALSE,1723,"en",FALSE,FALSE,FALSE,"C0DEED","http://abs.twimg.com/images/themes/theme1/bg.png","https://abs.twimg.com/images/themes/theme1/bg.png",FALSE,"http://pbs.twimg.com/profile_images/861928884505382912/ez5jRcJ0_normal.jpg","https://pbs.twimg.com/profile_images/861928884505382912/ez5jRcJ0_normal.jpg","http://pbs.twimg.com/profile_images/861928884505382912/ez5jRcJ0_normal.jpg","https://pbs.twimg.com/profile_images/861928884505382912/ez5jRcJ0_normal.jpg","1DA1F2","C0DEED","DDEEF6","333333",TRUE,TRUE,FALSE,"https://pbs.twimg.com/profile_banners/414664748/1456540657"
"1426346820","Khaledo<f0><U+009F><U+008C><U+00AA><f0><U+009F><U+008C><U+00AA><U+26A1><U+FE0F>","VAhmedKhaled","It's not your bussiness","­ιξ γιξ ι©«νι _CR7_RealMadrid_Ahly_Liverpool_United_Music is my life",FALSE,1235,746,21,2013-05-13 20:44:44,166,7200,"Cairo",TRUE,FALSE,7245,"en",FALSE,FALSE,FALSE,"000000","http://abs.twimg.com/images/themes/theme1/bg.png","https://abs.twimg.com/images/themes/theme1/bg.png",FALSE,"http://pbs.twimg.com/profile_images/863043002171895810/7Ti0n3kf_normal.jpg","https://pbs.twimg.com/profile_images/863043002171895810/7Ti0n3kf_normal.jpg","http://pbs.twimg.com/profile_images/863043002171895810/7Ti0n3kf_normal.jpg","https://pbs.twimg.com/profile_images/863043002171895810/7Ti0n3kf_normal.jpg","9266CC","000000","000000","000000",FALSE,FALSE,FALSE,"https://pbs.twimg.com/profile_banners/1426346820/1495475346"
"1124684340","mohamed basha","mohamedwazeer5",NA,NA,FALSE,107,64,0,2013-01-27 10:54:52,552,10800,"Athens",FALSE,FALSE,300,"en",FALSE,FALSE,FALSE,"C0DEED","http://abs.twimg.com/images/themes/theme1/bg.png","https://abs.twimg.com/images/themes/theme1/bg.png",FALSE,"http://pbs.twimg.com/profile_images/770202281434374144/vOZ56FgQ_normal.jpg","https://pbs.twimg.com/profile_images/770202281434374144/vOZ56FgQ_normal.jpg","http://pbs.twimg.com/profile_images/770202281434374144/vOZ56FgQ_normal.jpg","https://pbs.twimg.com/profile_images/770202281434374144/vOZ56FgQ_normal.jpg","1DA1F2","C0DEED","DDEEF6","333333",TRUE,TRUE,FALSE,"https://pbs.twimg.com/profile_banners/1124684340/1395221590"
"3436054199","GeMy","EngGemy1","Cairo, Egypt","<U+200F>λ κ¬ γο θΆ   ον κιο¬ κ¤ εθ« <f0><U+009F><U+0098><U+0087>",FALSE,45,52,0,2015-08-22 22:44:08,283,NA,NA,FALSE,FALSE,65,"en",FALSE,FALSE,FALSE,"000000","http://abs.twimg.com/images/themes/theme1/bg.png","https://abs.twimg.com/images/themes/theme1/bg.png",FALSE,"http://pbs.twimg.com/profile_images/867756728443699200/5WwdiZ6Y_normal.jpg","https://pbs.twimg.com/profile_images/867756728443699200/5WwdiZ6Y_normal.jpg","http://pbs.twimg.com/profile_images/867756728443699200/5WwdiZ6Y_normal.jpg","https://pbs.twimg.com/profile_images/867756728443699200/5WwdiZ6Y_normal.jpg","3B94D9","000000","000000","000000",FALSE,FALSE,FALSE,"https://pbs.twimg.com/profile_banners/3436054199/1484915502"
"841399169571000324","Rodina Ahmed<f0><U+009F><U+008C><U+00B8>","rozi_38","Port Said, Egypt","Photographer <f0><U+009F><U+0093><U+00B8>",FALSE,66,28,0,2017-03-13 21:22:49,33,-25200,"Pacific Time (US & Canada)",FALSE,FALSE,19,"en-gb",FALSE,FALSE,FALSE,"F5F8FA",NA,NA,FALSE,"http://pbs.twimg.com/profile_images/867732323197956096/XmhNHWc-_normal.jpg","https://pbs.twimg.com/profile_images/867732323197956096/XmhNHWc-_normal.jpg","http://pbs.twimg.com/profile_images/867732323197956096/XmhNHWc-_normal.jpg","https://pbs.twimg.com/profile_images/867732323197956096/XmhNHWc-_normal.jpg","1DA1F2","C0DEED","DDEEF6","333333",TRUE,TRUE,FALSE,"https://pbs.twimg.com/profile_banners/841399169571000324/1495723704"
"760232129590689792","μι« ΆνοΆ©  <f0><U+009F><U+008C><U+008F><f0><U+009F><U+009A><U+00AC>","hllas2","ικ¤©μ ιθνλομ νι οκολ","κ¥§¬ εμκ §κδο<U+265B>",FALSE,1828,530,25,2016-08-01 21:53:58,390,-25200,"Pacific Time (US & Canada)",FALSE,FALSE,23767,"en",FALSE,FALSE,FALSE,"000000","http://abs.twimg.com/images/themes/theme1/bg.png","https://abs.twimg.com/images/themes/theme1/bg.png",FALSE,"http://pbs.twimg.com/profile_images/866060177732141057/hEApohqz_normal.jpg","https://pbs.twimg.com/profile_images/866060177732141057/hEApohqz_normal.jpg","http://pbs.twimg.com/profile_images/866060177732141057/hEApohqz_normal.jpg","https://pbs.twimg.com/profile_images/866060177732141057/hEApohqz_normal.jpg","011223","000000","000000","000000",FALSE,FALSE,FALSE,"https://pbs.twimg.com/profile_banners/760232129590689792/1495190600"
"2527609770","κμ ιδκ§ο<f0><U+009F><U+008E><U+0087>","maha__7_","#¤ο¬_ιαλ¦μ_νι¬¤γμ ","<U+200F><U+200F><U+200F><U+200F><U+200F><U+200F><U+200F><U+200F><U+200F>ιιμκ ™θελο ¬© ¦ιηθ | ιιμκ ­ι ν«ικ γιξ «ο§λ ν¥ ο λ κ¥κ§ <f0><U+009F><U+008C><U+008C> /#§γκ_ε©«_ι ¬ο©ο",FALSE,771,263,1,2014-05-27 14:46:53,488,NA,NA,TRUE,FALSE,11182,"ar",FALSE,FALSE,FALSE,"C0DEED","http://abs.twimg.com/images/themes/theme1/bg.png","https://abs.twimg.com/images/themes/theme1/bg.png",FALSE,"http://pbs.twimg.com/profile_images/866764891658563584/juUGFrXZ_normal.jpg","https://pbs.twimg.com/profile_images/866764891658563584/juUGFrXZ_normal.jpg","http://pbs.twimg.com/profile_images/866764891658563584/juUGFrXZ_normal.jpg","https://pbs.twimg.com/profile_images/866764891658563584/juUGFrXZ_normal.jpg","1DA1F2","C0DEED","DDEEF6","333333",TRUE,TRUE,FALSE,"https://pbs.twimg.com/profile_banners/2527609770/1494176965"
"4873807241","Ahmed Osama","AhmedNasr0000",NA,"#ComputerScience #coffe #billiards
stay real .. stay loyal .. or stay away from me
#Άοκ_ικ ¥£ #Άοκ_ικ¬δ ολ_ι ιθ <f0><U+009F><U+0098><U+008E>",FALSE,1269,1334,1,2016-02-03 12:06:03,107,NA,NA,FALSE,FALSE,1214,"en",FALSE,FALSE,FALSE,"F5F8FA",NA,NA,FALSE,"http://pbs.twimg.com/profile_images/856999172049915912/Fw1HvhW0_normal.jpg","https://pbs.twimg.com/profile_images/856999172049915912/Fw1HvhW0_normal.jpg","http://pbs.twimg.com/profile_images/856999172049915912/Fw1HvhW0_normal.jpg","https://pbs.twimg.com/profile_images/856999172049915912/Fw1HvhW0_normal.jpg","1DA1F2","C0DEED","DDEEF6","333333",TRUE,TRUE,FALSE,"https://pbs.twimg.com/profile_banners/4873807241/1493159739"
"2522453846","θτ©οφκ ιυαεφξτ<U+2122>","KareemLotfiy","alexandria","Incapable of living with people, of speaking complete immersion in my self,
Listen to the music that heals any wounds <f0><U+009F><U+0092><U+0099>",FALSE,835,222,0,2014-05-25 10:47:50,223,7200,"Warsaw",TRUE,FALSE,2700,"en",FALSE,FALSE,FALSE,"C0DEED","http://abs.twimg.com/images/themes/theme1/bg.png","https://abs.twimg.com/images/themes/theme1/bg.png",FALSE,"http://pbs.twimg.com/profile_images/866811536689565696/YLadXlFt_normal.jpg","https://pbs.twimg.com/profile_images/866811536689565696/YLadXlFt_normal.jpg","http://pbs.twimg.com/profile_images/866811536689565696/YLadXlFt_normal.jpg","https://pbs.twimg.com/profile_images/866811536689565696/YLadXlFt_normal.jpg","9266CC","C0DEED","DDEEF6","333333",TRUE,FALSE,FALSE,"https://pbs.twimg.com/profile_banners/2522453846/1495497160"
"714631230","<U+274C>κ¥κξ ΆνΆο©<U+274C>","moneelrosh","Cairo, Egypt","<U+200F><U+200F>¥«« ¤κοι λθ Ά¥φ  νΆΆ¥ ’ .. κλ ­§οη .. κλ ητ©ο  .. κλ ¥ ο  .. ικμκ λθ Άφ¥  ¥§ ο«Άμι ¥υ θ <U+2764> .. C",FALSE,14667,8237,27,2012-07-24 17:21:52,56,NA,NA,TRUE,FALSE,4509,"en",FALSE,FALSE,FALSE,"C0DEED","http://abs.twimg.com/images/themes/theme1/bg.png","https://abs.twimg.com/images/themes/theme1/bg.png",FALSE,"http://pbs.twimg.com/profile_images/867484624984965121/TU5uJ9nP_normal.jpg","https://pbs.twimg.com/profile_images/867484624984965121/TU5uJ9nP_normal.jpg","http://pbs.twimg.com/profile_images/867484624984965121/TU5uJ9nP_normal.jpg","https://pbs.twimg.com/profile_images/867484624984965121/TU5uJ9nP_normal.jpg","1DA1F2","C0DEED","DDEEF6","333333",TRUE,TRUE,FALSE,NA
"863023512537223169","Reem sulaiman","Reem75751","it does not matter"," ¥  ι©«κ γ κ Άε©¤",FALSE,114,109,0,2017-05-12 13:30:14,28,NA,NA,FALSE,FALSE,306,"ar",FALSE,FALSE,FALSE,"F5F8FA",NA,NA,FALSE,"http://pbs.twimg.com/profile_images/867753247649476608/lsrxibAN_normal.jpg","https://pbs.twimg.com/profile_images/867753247649476608/lsrxibAN_normal.jpg","http://pbs.twimg.com/profile_images/867753247649476608/lsrxibAN_normal.jpg","https://pbs.twimg.com/profile_images/867753247649476608/lsrxibAN_normal.jpg","1DA1F2","C0DEED","DDEEF6","333333",TRUE,TRUE,FALSE,"https://pbs.twimg.com/profile_banners/863023512537223169/1495586115"
"849325116186144773","Nany <f0><U+009F><U+0092><U+0099>","nany_onsy","Mansoura, Egypt","<f0><U+009F><U+008E><U+0093>DU ...
Faculty of ph <f0><U+009F><U+0092><U+0089> <f0><U+009F><U+0099><U+008D>









































<f0><U+009F><U+0092><U+0096>νβλο  θ ο © ο ¤κοι <f0><U+009F><U+0092><U+0096>",FALSE,323,433,1,2017-04-04 18:17:42,282,NA,NA,FALSE,FALSE,353,"en",FALSE,FALSE,FALSE,"F5F8FA",NA,NA,FALSE,"http://pbs.twimg.com/profile_images/867753794079256580/uMkJZe2v_normal.jpg","https://pbs.twimg.com/profile_images/867753794079256580/uMkJZe2v_normal.jpg","http://pbs.twimg.com/profile_images/867753794079256580/uMkJZe2v_normal.jpg","https://pbs.twimg.com/profile_images/867753794079256580/uMkJZe2v_normal.jpg","1DA1F2","C0DEED","DDEEF6","333333",TRUE,TRUE,FALSE,"https://pbs.twimg.com/profile_banners/849325116186144773/1495558539"
"231996600","M¥md<U+2122>","Sir0mo7amed","Kafr El Shikh, Egypt","Teacher of nglish & Single & Aquarious <U+2652> & Madridista & ULTRAS SUR <f0><U+009F><U+0092><U+00AA> & Ensan Wnsan & crowdfire <f0><U+009F><U+0094><U+00B1> 
ικ γ§ η§© γιξ ι«γ§΅ ιη§ Άκ Άε©οδο κλ η§©Άο γιο ι¥ ",FALSE,10452,9517,10,2010-12-30 01:12:43,54,7200,"Cairo",TRUE,FALSE,824,"en",FALSE,FALSE,FALSE,"000000","http://abs.twimg.com/images/themes/theme18/bg.gif","https://abs.twimg.com/images/themes/theme18/bg.gif",FALSE,"http://pbs.twimg.com/profile_images/867756702497681408/oWMw4BSG_normal.jpg","https://pbs.twimg.com/profile_images/867756702497681408/oWMw4BSG_normal.jpg","http://pbs.twimg.com/profile_images/867756702497681408/oWMw4BSG_normal.jpg","https://pbs.twimg.com/profile_images/867756702497681408/oWMw4BSG_normal.jpg","94D487","000000","000000","000000",FALSE,FALSE,FALSE,"https://pbs.twimg.com/profile_banners/231996600/1494061790"
"4249147643","lolo  `    <f0><U+009F><U+0097><U+00BC>","22El3rab","El'-Mansour;Egypt *","yaRaab...<f0><U+009F><U+008C><U+00B8>",FALSE,608,285,1,2015-11-22 11:16:44,867,NA,NA,FALSE,FALSE,3997,"ar",FALSE,FALSE,FALSE,"C0DEED","http://abs.twimg.com/images/themes/theme1/bg.png","https://abs.twimg.com/images/themes/theme1/bg.png",FALSE,"http://pbs.twimg.com/profile_images/862500563203874816/cSL3uMTm_normal.jpg","https://pbs.twimg.com/profile_images/862500563203874816/cSL3uMTm_normal.jpg","http://pbs.twimg.com/profile_images/862500563203874816/cSL3uMTm_normal.jpg","https://pbs.twimg.com/profile_images/862500563203874816/cSL3uMTm_normal.jpg","1DA1F2","C0DEED","DDEEF6","333333",TRUE,TRUE,FALSE,"https://pbs.twimg.com/profile_banners/4249147643/1483351450"
"838827328880934913","M","mohamed___Top","κ­©","<U+200F><U+200F>",FALSE,1389,414,1,2017-03-06 19:03:14,601,NA,NA,FALSE,FALSE,4775,"ar",FALSE,FALSE,FALSE,"F5F8FA",NA,NA,FALSE,"http://pbs.twimg.com/profile_images/867753168020615170/Lw-oxNnf_normal.jpg","https://pbs.twimg.com/profile_images/867753168020615170/Lw-oxNnf_normal.jpg","http://pbs.twimg.com/profile_images/867753168020615170/Lw-oxNnf_normal.jpg","https://pbs.twimg.com/profile_images/867753168020615170/Lw-oxNnf_normal.jpg","1DA1F2","C0DEED","DDEEF6","333333",TRUE,TRUE,FALSE,"https://pbs.twimg.com/profile_banners/838827328880934913/1494771125"
"767012810278707200","FayRouZ","fairoz_adel",NA,"<U+200F><U+200F>ιμιο §μ §νιμ κ¬ κ¤©§ λ§ο <U+2764> 74 <U+2764>",FALSE,602,368,0,2016-08-20 14:57:59,222,-25200,"Pacific Time (US & Canada)",FALSE,FALSE,709,"en",FALSE,FALSE,FALSE,"F5F8FA",NA,NA,FALSE,"http://pbs.twimg.com/profile_images/852336045920325632/vNaXjl2K_normal.jpg","https://pbs.twimg.com/profile_images/852336045920325632/vNaXjl2K_normal.jpg","http://pbs.twimg.com/profile_images/852336045920325632/vNaXjl2K_normal.jpg","https://pbs.twimg.com/profile_images/852336045920325632/vNaXjl2K_normal.jpg","1DA1F2","C0DEED","DDEEF6","333333",TRUE,TRUE,FALSE,"https://pbs.twimg.com/profile_banners/767012810278707200/1486708617"
"832588825125859328","Ethar <U+2744><U+2615>","EtharKhAhmed","Giza, Egypt","Deep doesn't mean cheerless ! ..
a simple girl with a complicated mind <f0><U+009F><U+008C><U+009A>..
life is short <U+23F3>,  so enjoy it <f0><U+009F><U+0092><U+009E><f0><U+009F><U+008C><U+0088> .. *θλ  οΆνΆο ι ο¥  ιΆ¤κγΆ* <U+270B>",FALSE,904,855,0,2017-02-17 13:53:39,107,NA,NA,FALSE,FALSE,210,"en",FALSE,FALSE,FALSE,"F5F8FA",NA,NA,FALSE,"http://pbs.twimg.com/profile_images/866029312197230592/SpudbMoR_normal.jpg","https://pbs.twimg.com/profile_images/866029312197230592/SpudbMoR_normal.jpg","http://pbs.twimg.com/profile_images/866029312197230592/SpudbMoR_normal.jpg","https://pbs.twimg.com/profile_images/866029312197230592/SpudbMoR_normal.jpg","1DA1F2","C0DEED","DDEEF6","333333",TRUE,TRUE,FALSE,"https://pbs.twimg.com/profile_banners/832588825125859328/1495721081"
"867725517339996160","ghada nabil","ghadanabil2017",NA,NA,FALSE,15,33,0,2017-05-25 12:54:19,2,NA,NA,FALSE,FALSE,2,"en",FALSE,FALSE,FALSE,"F5F8FA",NA,NA,FALSE,"http://pbs.twimg.com/profile_images/867746992834969600/s34z-j6U_normal.jpg","https://pbs.twimg.com/profile_images/867746992834969600/s34z-j6U_normal.jpg","http://pbs.twimg.com/profile_images/867746992834969600/s34z-j6U_normal.jpg","https://pbs.twimg.com/profile_images/867746992834969600/s34z-j6U_normal.jpg","1DA1F2","C0DEED","DDEEF6","333333",TRUE,TRUE,FALSE,NA
"955417634","<U+2693><U+FE0F>mahmoud khater","mahmoudkhater3","Cairo, Egypt","ν¥§ κλ ιλ« .. ­ο§ .. κ­©ξ .. μινξ https://t.co/6aVLoTQB9i",FALSE,819,378,1,2012-11-18 12:40:27,3085,7200,"Cairo",FALSE,FALSE,11034,"en",FALSE,FALSE,FALSE,"131516","http://pbs.twimg.com/profile_background_images/378800000173602148/f1eo7qsb.jpeg","https://pbs.twimg.com/profile_background_images/378800000173602148/f1eo7qsb.jpeg",TRUE,"http://pbs.twimg.com/profile_images/865195805216460800/ckOWaHVr_normal.jpg","https://pbs.twimg.com/profile_images/865195805216460800/ckOWaHVr_normal.jpg","http://pbs.twimg.com/profile_images/865195805216460800/ckOWaHVr_normal.jpg","https://pbs.twimg.com/profile_images/865195805216460800/ckOWaHVr_normal.jpg","9266CC","FFFFFF","EFEFEF","333333",TRUE,FALSE,FALSE,"https://pbs.twimg.com/profile_banners/955417634/1391457764"
"764765372226691076","Hoda Mohamed <U+2615>","hoda_mohamed555","ELkhanka.elqaliopia.egypt","<U+200F><U+200F><U+200F><U+200F><U+200F>θυι κφλ‘ ¤τκφοι  φατ©φοημρ κτ...































<U+2764>.stay positive",FALSE,388,379,3,2016-08-14 10:07:28,211,NA,NA,FALSE,FALSE,867,"en",FALSE,FALSE,FALSE,"F5F8FA",NA,NA,FALSE,"http://pbs.twimg.com/profile_images/866668323710349312/wNt9qeeD_normal.jpg","https://pbs.twimg.com/profile_images/866668323710349312/wNt9qeeD_normal.jpg","http://pbs.twimg.com/profile_images/866668323710349312/wNt9qeeD_normal.jpg","https://pbs.twimg.com/profile_images/866668323710349312/wNt9qeeD_normal.jpg","1DA1F2","C0DEED","DDEEF6","333333",TRUE,TRUE,FALSE,"https://pbs.twimg.com/profile_banners/764765372226691076/1490603422"
"4818052913","Sayed Nasr","SaykoIbm","ι¬©ηο΅, κ­©","#¬γ© #ι©νοΆ #ιθκλ¤  #¥ηνη # ¥ _ναλξ #ε¦ν© λξ κ«ικ κ­©ξ 
ηνι ©οθ  ­©¥μ
  https://t.co/KqIxRBzFW6
#¤ μ΅_¬γ _κ­©",FALSE,11919,8444,22,2016-01-16 13:37:18,357,7200,"Cairo",FALSE,FALSE,16235,"ar",FALSE,FALSE,FALSE,"000000","http://abs.twimg.com/images/themes/theme4/bg.gif","https://abs.twimg.com/images/themes/theme4/bg.gif",FALSE,"http://pbs.twimg.com/profile_images/866104571814391808/9pspuQHH_normal.jpg","https://pbs.twimg.com/profile_images/866104571814391808/9pspuQHH_normal.jpg","http://pbs.twimg.com/profile_images/866104571814391808/9pspuQHH_normal.jpg","https://pbs.twimg.com/profile_images/866104571814391808/9pspuQHH_normal.jpg","1B95E0","000000","000000","000000",FALSE,FALSE,FALSE,"https://pbs.twimg.com/profile_banners/4818052913/1487869869"
"1024897866","Nader Elsayed","mezo89193015","Alexandria","#ZAMALEK <U+270A><U+2764>#Mounir #Football <U+26BD>#AmrDiab #CR7<U+261D> #RONALDO<U+270A>",FALSE,1190,1470,1,2012-12-20 19:52:07,208,10800,"Athens",TRUE,FALSE,2849,"en",FALSE,FALSE,FALSE,"0099B9","http://abs.twimg.com/images/themes/theme4/bg.gif","https://abs.twimg.com/images/themes/theme4/bg.gif",FALSE,"http://pbs.twimg.com/profile_images/867319850288521216/FVZHSGZk_normal.jpg","https://pbs.twimg.com/profile_images/867319850288521216/FVZHSGZk_normal.jpg","http://pbs.twimg.com/profile_images/867319850288521216/FVZHSGZk_normal.jpg","https://pbs.twimg.com/profile_images/867319850288521216/FVZHSGZk_normal.jpg","0099B9","5ED4DC","95E8EC","3C3940",TRUE,FALSE,FALSE,"https://pbs.twimg.com/profile_banners/1024897866/1464208081"
"704999445788811264","<U+2318>","Bani2adm",NA,"<U+53BB><U+4ED6><U+5ABD><U+7684><U+81EA><U+5DF1>",FALSE,215,300,0,2016-03-02 11:59:00,178,NA,NA,FALSE,FALSE,1164,"en",FALSE,FALSE,FALSE,"F5F8FA",NA,NA,FALSE,"http://pbs.twimg.com/profile_images/858796461777092609/AovvD9gl_normal.jpg","https://pbs.twimg.com/profile_images/858796461777092609/AovvD9gl_normal.jpg","http://pbs.twimg.com/profile_images/858796461777092609/AovvD9gl_normal.jpg","https://pbs.twimg.com/profile_images/858796461777092609/AovvD9gl_normal.jpg","1DA1F2","C0DEED","DDEEF6","333333",TRUE,TRUE,FALSE,"https://pbs.twimg.com/profile_banners/704999445788811264/1495145137"
"4142540302","Failure","FailureQuotes",NA,NA,FALSE,13,0,0,2015-11-08 15:11:13,0,-25200,"Pacific Time (US & Canada)",FALSE,FALSE,28,"en",FALSE,FALSE,FALSE,"C0DEED","http://abs.twimg.com/images/themes/theme1/bg.png","https://abs.twimg.com/images/themes/theme1/bg.png",FALSE,"http://pbs.twimg.com/profile_images/809745400269852672/DSG6rPid_normal.jpg","https://pbs.twimg.com/profile_images/809745400269852672/DSG6rPid_normal.jpg","http://pbs.twimg.com/profile_images/809745400269852672/DSG6rPid_normal.jpg","https://pbs.twimg.com/profile_images/809745400269852672/DSG6rPid_normal.jpg","1DA1F2","C0DEED","DDEEF6","333333",TRUE,TRUE,FALSE,"https://pbs.twimg.com/profile_banners/4142540302/1457272588"
"2180034489","Omar <U+2650>","OmarMLoo"," cairo","<U+25CF>Be smart in this world<U+25CF> dont care
 <U+300A> engineering student <U+300B>",FALSE,2203,230,4,2013-11-13 20:28:42,1830,7200,"Cairo",FALSE,FALSE,63994,"en",FALSE,FALSE,FALSE,"C0DEED","http://abs.twimg.com/images/themes/theme1/bg.png","https://abs.twimg.com/images/themes/theme1/bg.png",FALSE,"http://pbs.twimg.com/profile_images/864818165787885569/-v2R1Sv6_normal.jpg","https://pbs.twimg.com/profile_images/864818165787885569/-v2R1Sv6_normal.jpg","http://pbs.twimg.com/profile_images/864818165787885569/-v2R1Sv6_normal.jpg","https://pbs.twimg.com/profile_images/864818165787885569/-v2R1Sv6_normal.jpg","1DA1F2","C0DEED","DDEEF6","333333",TRUE,TRUE,FALSE,"https://pbs.twimg.com/profile_banners/2180034489/1471130261"
"2913008233","Manar<f0><U+009F><U+008C><U+0099><f0><U+009F><U+008C><U+00B8>","manar_malikk","Alexandria, Egypt","<U+200F><U+200F><U+200F><U+200F><U+200F><U+200F><U+200F><U+200F><U+200F><U+200F><U+200F><U+200F><U+200F><U+200F><U+200F><U+200F><U+200F><U+200F><U+200F><U+200F><U+200F><U+200F><U+200F><U+200F><U+200F><U+200F><U+200F><U+200F>κεο¬ Bio  « γ©εν λ λ ¤ν / §γν ι• κξ ν η©νιμ ιεΆ¥΅ Novelist , photographer
Directioner , Al Ahly <f0><U+009F><U+0092><U+009C><U+270C>",FALSE,1726,1422,5,2014-11-28 18:00:02,193,10800,"Kyiv",FALSE,FALSE,3383,"en",FALSE,FALSE,FALSE,"9266CC","http://pbs.twimg.com/profile_background_images/549905356160106496/gMgzhI5q.jpeg","https://pbs.twimg.com/profile_background_images/549905356160106496/gMgzhI5q.jpeg",TRUE,"http://pbs.twimg.com/profile_images/867046196350791681/KE2LVEUE_normal.jpg","https://pbs.twimg.com/profile_images/867046196350791681/KE2LVEUE_normal.jpg","http://pbs.twimg.com/profile_images/867046196350791681/KE2LVEUE_normal.jpg","https://pbs.twimg.com/profile_images/867046196350791681/KE2LVEUE_normal.jpg","E81C4F","C0DEED","DDEEF6","333333",TRUE,FALSE,FALSE,"https://pbs.twimg.com/profile_banners/2913008233/1493277438"
"778036029093806080","<U+200F>ι¬••• κο§ν ••ο¦ <U+2122>","midowafa0","Egypt",NA,FALSE,2964,2275,4,2016-09-20 01:00:19,95,NA,NA,FALSE,FALSE,4242,"ar",FALSE,FALSE,FALSE,"F5F8FA",NA,NA,FALSE,"http://pbs.twimg.com/profile_images/866066839243194368/O6StWmfG_normal.jpg","https://pbs.twimg.com/profile_images/866066839243194368/O6StWmfG_normal.jpg","http://pbs.twimg.com/profile_images/866066839243194368/O6StWmfG_normal.jpg","https://pbs.twimg.com/profile_images/866066839243194368/O6StWmfG_normal.jpg","1DA1F2","C0DEED","DDEEF6","333333",TRUE,TRUE,FALSE,"https://pbs.twimg.com/profile_banners/778036029093806080/1486725097"
"743673661","MOHAMED.","koptan_1","Cairo, Egypt","ALAHLY , REAL MADRID , #JFT74 .. I live , i die .. I live again . = <U+2665><U+FE0F> ©εηρ  • ιην©ο© ..",FALSE,7888,7239,6,2012-08-07 20:24:54,5523,-25200,"Arizona",TRUE,FALSE,3280,"en",FALSE,FALSE,FALSE,"022330","http://abs.twimg.com/images/themes/theme15/bg.png","https://abs.twimg.com/images/themes/theme15/bg.png",FALSE,"http://pbs.twimg.com/profile_images/866266480295510016/_11p81v5_normal.jpg","https://pbs.twimg.com/profile_images/866266480295510016/_11p81v5_normal.jpg","http://pbs.twimg.com/profile_images/866266480295510016/_11p81v5_normal.jpg","https://pbs.twimg.com/profile_images/866266480295510016/_11p81v5_normal.jpg","0084B4","A8C7F7","C0DFEC","333333",TRUE,FALSE,FALSE,"https://pbs.twimg.com/profile_banners/743673661/1494591182"
"802341697355186177","¥ιοκν<f0><U+009F><U+0091><U+0091>","HalimOo1111","Cairo, Egypt","""I love listening to lies when i already know truth""",FALSE,1721,1433,1,2016-11-26 02:42:22,514,NA,NA,TRUE,FALSE,160,"en",FALSE,FALSE,FALSE,"F5F8FA",NA,NA,FALSE,"http://pbs.twimg.com/profile_images/867750154216067073/tEywm8G0_normal.jpg","https://pbs.twimg.com/profile_images/867750154216067073/tEywm8G0_normal.jpg","http://pbs.twimg.com/profile_images/867750154216067073/tEywm8G0_normal.jpg","https://pbs.twimg.com/profile_images/867750154216067073/tEywm8G0_normal.jpg","1DA1F2","C0DEED","DDEEF6","333333",TRUE,TRUE,FALSE,"https://pbs.twimg.com/profile_banners/802341697355186177/1495276113"
"762251825949073408","Hub Realestate","thehubrealestat","Cairo, Egypt","HUB Real Estate is the place where you can buy/sell all kinds properties in Egypt from coast to coast with zero commission and extended payment terms",FALSE,8,16,0,2016-08-07 11:39:32,0,-25200,"Pacific Time (US & Canada)",FALSE,FALSE,78,"en",FALSE,FALSE,FALSE,"000000","http://abs.twimg.com/images/themes/theme1/bg.png","https://abs.twimg.com/images/themes/theme1/bg.png",FALSE,"http://pbs.twimg.com/profile_images/867336007687036929/JXSjqXMZ_normal.jpg","https://pbs.twimg.com/profile_images/867336007687036929/JXSjqXMZ_normal.jpg","http://pbs.twimg.com/profile_images/867336007687036929/JXSjqXMZ_normal.jpg","https://pbs.twimg.com/profile_images/867336007687036929/JXSjqXMZ_normal.jpg","FAB81E","000000","000000","000000",FALSE,FALSE,FALSE,"https://pbs.twimg.com/profile_banners/762251825949073408/1495624025"
"743651180824367104","SHaHD | ¬μ§","shahd_walid167","Alexandria, Egypt","you will never know the value of the moment until it becomes a memory .",FALSE,196,227,1,2016-06-17 03:47:12,129,NA,NA,FALSE,FALSE,319,"en",FALSE,FALSE,FALSE,"F5F8FA",NA,NA,FALSE,"http://pbs.twimg.com/profile_images/855175945153654784/cUgl3b-f_normal.jpg","https://pbs.twimg.com/profile_images/855175945153654784/cUgl3b-f_normal.jpg","http://pbs.twimg.com/profile_images/855175945153654784/cUgl3b-f_normal.jpg","https://pbs.twimg.com/profile_images/855175945153654784/cUgl3b-f_normal.jpg","1DA1F2","C0DEED","DDEEF6","333333",TRUE,TRUE,FALSE,"https://pbs.twimg.com/profile_banners/743651180824367104/1492701955"
"863023512537223169","Reem sulaiman","Reem75751","it does not matter"," ¥  ι©«κ γ κ Άε©¤",FALSE,114,109,0,2017-05-12 13:30:14,28,NA,NA,FALSE,FALSE,306,"ar",FALSE,FALSE,FALSE,"F5F8FA",NA,NA,FALSE,"http://pbs.twimg.com/profile_images/867753247649476608/lsrxibAN_normal.jpg","https://pbs.twimg.com/profile_images/867753247649476608/lsrxibAN_normal.jpg","http://pbs.twimg.com/profile_images/867753247649476608/lsrxibAN_normal.jpg","https://pbs.twimg.com/profile_images/867753247649476608/lsrxibAN_normal.jpg","1DA1F2","C0DEED","DDEEF6","333333",TRUE,TRUE,FALSE,"https://pbs.twimg.com/profile_banners/863023512537223169/1495586115"
"760170452455198720","Hima","himaelfeky_","Egypt","alahly <f0><U+009F><U+0092><U+009F>
Madrid<U+2764>
never forget 74_20 1sanawy <f0><U+009F><U+0098><U+0089>",FALSE,160,135,0,2016-08-01 17:48:54,16548,NA,NA,FALSE,FALSE,221,"en",FALSE,FALSE,FALSE,"F5F8FA",NA,NA,FALSE,"http://pbs.twimg.com/profile_images/865160324978057216/ppbG-Cal_normal.jpg","https://pbs.twimg.com/profile_images/865160324978057216/ppbG-Cal_normal.jpg","http://pbs.twimg.com/profile_images/865160324978057216/ppbG-Cal_normal.jpg","https://pbs.twimg.com/profile_images/865160324978057216/ppbG-Cal_normal.jpg","1DA1F2","C0DEED","DDEEF6","333333",TRUE,TRUE,FALSE,"https://pbs.twimg.com/profile_banners/760170452455198720/1491680836"
"844502034720182272","ι•••Zaza","mohamedZaaZa",NA,"λ«λ ογο¬ ν οΆγο¬<U+270C>",FALSE,5330,4588,3,2017-03-22 10:52:30,55,NA,NA,TRUE,FALSE,7240,"en",FALSE,FALSE,FALSE,"F5F8FA",NA,NA,FALSE,"http://pbs.twimg.com/profile_images/858666206810787840/WlzEorx1_normal.jpg","https://pbs.twimg.com/profile_images/858666206810787840/WlzEorx1_normal.jpg","http://pbs.twimg.com/profile_images/858666206810787840/WlzEorx1_normal.jpg","https://pbs.twimg.com/profile_images/858666206810787840/WlzEorx1_normal.jpg","1DA1F2","C0DEED","DDEEF6","333333",TRUE,TRUE,FALSE,"https://pbs.twimg.com/profile_banners/844502034720182272/1490221906"
"2649416322","Muhammad Ragab","m_ragb11"," GIZA.EL HARAM.EGYPT","<U+200F><U+200F><U+200F>ιη™§κ ¤κι  ¨λ © ο <U+2764> ΰ¥θ γ¬λ ¥λθ κ¬ μοΆγφ  δο©θ<U+263A> κΆ¦ε¬ κλ  θ©΅ ¦ιοθ κΆει <U+270B> ¦ιο<U+06AF> κυκο‘ <U+2764> Barca<U+26BD> <U+2665>ιΰ¥θ΅ <U+263A>μκ ¥¤μ εο ¥οΆο#κ«Άη ιο<U+2B50>... <U+2B50>reading <U+2B50>",FALSE,618,1156,0,2014-07-15 23:19:26,248,NA,NA,FALSE,FALSE,1354,"en",FALSE,FALSE,FALSE,"C0DEED","http://abs.twimg.com/images/themes/theme1/bg.png","https://abs.twimg.com/images/themes/theme1/bg.png",FALSE,"http://pbs.twimg.com/profile_images/726510623694151680/qSdZwaqe_normal.jpg","https://pbs.twimg.com/profile_images/726510623694151680/qSdZwaqe_normal.jpg","http://pbs.twimg.com/profile_images/726510623694151680/qSdZwaqe_normal.jpg","https://pbs.twimg.com/profile_images/726510623694151680/qSdZwaqe_normal.jpg","1DA1F2","C0DEED","DDEEF6","333333",TRUE,TRUE,FALSE,"https://pbs.twimg.com/profile_banners/2649416322/1488030204"
"2163557604","FaresReda..<f0><U+009F><U+0098><U+008A><f0><U+009F><U+008D><U+0081><f0><U+009F><U+008C><U+00B8><f0><U+009F><U+008E><U+0088>","loltfares","Cairo, Egypt","Shubra <U+300A>17<U+300B>Years .. El Ahly+RealMadrid=<U+2661> ..
...Welcome To My Twet... <U+2661>",FALSE,153,127,0,2013-10-29 21:20:36,33,10800,"Kyiv",FALSE,FALSE,97,"en",FALSE,FALSE,FALSE,"000000","http://abs.twimg.com/images/themes/theme1/bg.png","https://abs.twimg.com/images/themes/theme1/bg.png",FALSE,"http://pbs.twimg.com/profile_images/855029201958830080/6G8ja8_I_normal.jpg","https://pbs.twimg.com/profile_images/855029201958830080/6G8ja8_I_normal.jpg","http://pbs.twimg.com/profile_images/855029201958830080/6G8ja8_I_normal.jpg","https://pbs.twimg.com/profile_images/855029201958830080/6G8ja8_I_normal.jpg","E81C4F","000000","000000","000000",FALSE,FALSE,FALSE,"https://pbs.twimg.com/profile_banners/2163557604/1495722044"
"2542052823","Ebrahim Serag","serag_ebrahim","port said ","ι ιμ ι ιιμ ... κ¥κ§ ©«νι ιιμ",FALSE,109,447,0,2014-05-12 00:20:35,669,NA,NA,FALSE,FALSE,255,"en",FALSE,FALSE,FALSE,"C0DEED","http://abs.twimg.com/images/themes/theme1/bg.png","https://abs.twimg.com/images/themes/theme1/bg.png",FALSE,"http://pbs.twimg.com/profile_images/783083826780131328/t2R0YKsl_normal.jpg","https://pbs.twimg.com/profile_images/783083826780131328/t2R0YKsl_normal.jpg","http://pbs.twimg.com/profile_images/783083826780131328/t2R0YKsl_normal.jpg","https://pbs.twimg.com/profile_images/783083826780131328/t2R0YKsl_normal.jpg","1DA1F2","C0DEED","DDEEF6","333333",TRUE,TRUE,FALSE,"https://pbs.twimg.com/profile_banners/2542052823/1448048062"
"838003818059153408","Sa<U+24C2>ir <U+27BF><U+274C>","samir___hassan","Kafr El Shikh, Egypt ","<U+200F><U+200F><U+200F><U+200F><U+200F><U+200F><U+200F><U+200F>ιμιξ γικλ λ¥  ι¥ομ <f0><U+009F><U+0098><U+008D><U+2764>
17y <U+263A>",FALSE,3082,4568,2,2017-03-04 12:30:54,1592,NA,NA,TRUE,FALSE,2221,"en",FALSE,FALSE,FALSE,"F5F8FA",NA,NA,FALSE,"http://pbs.twimg.com/profile_images/862992052820291584/91gRdwVt_normal.jpg","https://pbs.twimg.com/profile_images/862992052820291584/91gRdwVt_normal.jpg","http://pbs.twimg.com/profile_images/862992052820291584/91gRdwVt_normal.jpg","https://pbs.twimg.com/profile_images/862992052820291584/91gRdwVt_normal.jpg","1DA1F2","C0DEED","DDEEF6","333333",TRUE,TRUE,FALSE,"https://pbs.twimg.com/profile_banners/838003818059153408/1495716110"
"754048341458157569","ali_ Mokhtar","alimokhtar97","Egypt . Assuit ","<U+200F><U+200F><U+200F><U+2764><U+200F><U+200F><U+200F><U+200F><U+200F><U+200F><U+200F><U+200F><U+200F><U+200F><U+200F><U+200F><U+200F><U+200F><U+200F><U+200F><U+200F> zamalkawy  <f0><U+009F><U+008F><U+00B9>  <U+2606> Real Madri    
<U+2606> C.R.7<U+2764>                
                       ιεηο© ¥η μν κλ ¤ε ηι μ κλ ¨θ© ιιμ <f0><U+009F><U+0092><U+0099>",FALSE,232,185,1,2016-07-15 20:21:48,832,NA,NA,FALSE,FALSE,990,"ar",FALSE,FALSE,FALSE,"F5F8FA",NA,NA,FALSE,"http://pbs.twimg.com/profile_images/867399447122251776/raqkVT-o_normal.jpg","https://pbs.twimg.com/profile_images/867399447122251776/raqkVT-o_normal.jpg","http://pbs.twimg.com/profile_images/867399447122251776/raqkVT-o_normal.jpg","https://pbs.twimg.com/profile_images/867399447122251776/raqkVT-o_normal.jpg","1DA1F2","C0DEED","DDEEF6","333333",TRUE,TRUE,FALSE,"https://pbs.twimg.com/profile_banners/754048341458157569/1494374606"
"3496312335","Mohamed Gamal","mg730638","¬ © ι¦οκμ<U+060C>ιηιον ο΅ ","shoupra faculty of engineering <f0><U+009F><U+0098><U+0089> mechanical engineer #κοθλοθ_ενη <f0><U+009F><U+0092><U+00AA> <U+270C>
zamalek <U+2764>ronaldo<U+270C>amr diab<U+2764>",FALSE,189,247,0,2015-08-31 00:30:17,50,NA,NA,FALSE,FALSE,244,"ar",FALSE,FALSE,FALSE,"C0DEED","http://abs.twimg.com/images/themes/theme1/bg.png","https://abs.twimg.com/images/themes/theme1/bg.png",FALSE,"http://pbs.twimg.com/profile_images/861520514237558786/p6DuhJeO_normal.jpg","https://pbs.twimg.com/profile_images/861520514237558786/p6DuhJeO_normal.jpg","http://pbs.twimg.com/profile_images/861520514237558786/p6DuhJeO_normal.jpg","https://pbs.twimg.com/profile_images/861520514237558786/p6DuhJeO_normal.jpg","1DA1F2","C0DEED","DDEEF6","333333",TRUE,TRUE,FALSE,"https://pbs.twimg.com/profile_banners/3496312335/1494025223"
"804637963904806912","¬ε••η<U+2652>","eman8318","Alexander City, AL","<U+200F><U+200F>ν©§ο΅ Ά¥ικ Άηανεμ<f0><U+009F><U+0092><U+0099><f0><U+009F><U+008C><U+008D><f0><U+009F><U+0092><U+00AB>",FALSE,6117,5711,4,2016-12-02 10:46:54,474,NA,NA,TRUE,FALSE,770,"ar",FALSE,FALSE,FALSE,"000000","http://abs.twimg.com/images/themes/theme1/bg.png","https://abs.twimg.com/images/themes/theme1/bg.png",FALSE,"http://pbs.twimg.com/profile_images/866647665890783233/Xc8QEBF8_normal.jpg","https://pbs.twimg.com/profile_images/866647665890783233/Xc8QEBF8_normal.jpg","http://pbs.twimg.com/profile_images/866647665890783233/Xc8QEBF8_normal.jpg","https://pbs.twimg.com/profile_images/866647665890783233/Xc8QEBF8_normal.jpg","1B95E0","000000","000000","000000",FALSE,FALSE,FALSE,"https://pbs.twimg.com/profile_banners/804637963904806912/1491874153"
"835132124344758273","¦ι§ γ<U+0686>κο <U+2728>","khaledagamy22","κλ §νι΅ ©ο¬ ιλγκ <f0><U+009F><U+0094><U+00B1><U+274C>","<U+200F><U+200F><U+200F><U+200F><U+200F><U+200F><U+200F><U+200F><U+200F><U+200F><U+200F><U+200F><U+200F><U+200F><U+200F><U+200F><U+200F><U+200F><U+200F><U+2764>  ντιτ«τν’ετ ουγ’αφοθτ ©τ υ‘θτ ετΆτ©’ΰτο <U+2764>
 <U+FDFA> <U+2764><U+2764>",FALSE,268,92,0,2017-02-24 14:19:49,1787,NA,NA,FALSE,FALSE,2368,"en",FALSE,FALSE,FALSE,"000000","http://abs.twimg.com/images/themes/theme1/bg.png","https://abs.twimg.com/images/themes/theme1/bg.png",FALSE,"http://pbs.twimg.com/profile_images/867338752645103616/RnVZMfsI_normal.jpg","https://pbs.twimg.com/profile_images/867338752645103616/RnVZMfsI_normal.jpg","http://pbs.twimg.com/profile_images/867338752645103616/RnVZMfsI_normal.jpg","https://pbs.twimg.com/profile_images/867338752645103616/RnVZMfsI_normal.jpg","981CEB","000000","000000","000000",FALSE,FALSE,FALSE,"https://pbs.twimg.com/profile_banners/835132124344758273/1495628049"
"965992824","4","dr_ahmedkarim22","Abha,Saudi Arabia/ Alex, Egypt","professional Chief pharmacist. ""Your love makes me strong<f0><U+009F><U+0092><U+00AA>, your hate makes me unstoppable<f0><U+009F><U+0091><U+008A>."" <f0><U+009F><U+00A5><U+008A><f0><U+009F><U+0091><U+00A8><U+200D><f0><U+009F><U+0092><U+00BB><f0><U+009F><U+008F><U+0083>my tweets <f0><U+009F><U+0091><U+0089> Likes",FALSE,4164,3300,13,2012-11-23 12:10:17,147,10800,"Riyadh",TRUE,FALSE,2009,"en",FALSE,FALSE,FALSE,"C0DEED","http://pbs.twimg.com/profile_background_images/730207056/30685a2c9981a6a00fa203ef2f723dd5.jpeg","https://pbs.twimg.com/profile_background_images/730207056/30685a2c9981a6a00fa203ef2f723dd5.jpeg",FALSE,"http://pbs.twimg.com/profile_images/867467727992180737/HHAVCq_d_normal.jpg","https://pbs.twimg.com/profile_images/867467727992180737/HHAVCq_d_normal.jpg","http://pbs.twimg.com/profile_images/867467727992180737/HHAVCq_d_normal.jpg","https://pbs.twimg.com/profile_images/867467727992180737/HHAVCq_d_normal.jpg","0084B4","FFFFFF","DDEEF6","333333",TRUE,FALSE,FALSE,"https://pbs.twimg.com/profile_banners/965992824/1494683024"
"418165178","Hamada Elgazar","Hamada6487","ικ©ο¦","<U+200F><U+200F><U+200F><U+200F><U+200F><U+200F><U+200F><U+200F><U+200F><U+200F><U+200F><U+200F><U+200F><U+200F><U+200F><U+200F><U+200F><U+200F><U+200F><U+200F>ιλ§ξ ιμιξ «κξ νγλνλξ <U+2764> θλ  νμοκο οθι κ ο¥ιν ιμ νοι « κ ο¥ιν ιμ <U+2764> ­¥  νι ΰ© ΅ ©θλο΅ <U+2764> κνι λε©
 


https://t.co/XB9b6064js<U+200E><U+200E><U+200E><U+200E><U+200E><U+200E><U+200E><U+200E>",FALSE,2324,2369,9,2011-11-21 20:59:09,7742,10800,"Athens",FALSE,FALSE,13441,"ar",FALSE,FALSE,FALSE,"000000","http://abs.twimg.com/images/themes/theme1/bg.png","https://abs.twimg.com/images/themes/theme1/bg.png",FALSE,"http://pbs.twimg.com/profile_images/867415565543067649/0rEp2CX__normal.jpg","https://pbs.twimg.com/profile_images/867415565543067649/0rEp2CX__normal.jpg","http://pbs.twimg.com/profile_images/867415565543067649/0rEp2CX__normal.jpg","https://pbs.twimg.com/profile_images/867415565543067649/0rEp2CX__normal.jpg","3B94D9","000000","000000","000000",FALSE,FALSE,FALSE,"https://pbs.twimg.com/profile_banners/418165178/1495410003"
"3315650540","almulhham","almulhham","ικκιθ΅ ιγ© ο΅ ι«γν§ο΅","Ά γλο Ά γθ μλ νγιξ ι¥«  ι««ο@mulhham",FALSE,5691,5131,6,2015-08-15 05:01:17,95,10800,"Riyadh",FALSE,FALSE,745,"ar",FALSE,FALSE,FALSE,"000000","http://abs.twimg.com/images/themes/theme1/bg.png","https://abs.twimg.com/images/themes/theme1/bg.png",FALSE,"http://pbs.twimg.com/profile_images/841141976653266944/OGAvV39d_normal.jpg","https://pbs.twimg.com/profile_images/841141976653266944/OGAvV39d_normal.jpg","http://pbs.twimg.com/profile_images/841141976653266944/OGAvV39d_normal.jpg","https://pbs.twimg.com/profile_images/841141976653266944/OGAvV39d_normal.jpg","9266CC","000000","000000","000000",FALSE,FALSE,FALSE,"https://pbs.twimg.com/profile_banners/3315650540/1489046389"
"801781787051626497","Bedroo","EL_bedroo",NA,"Bedroo<f0><U+009F><U+0098><U+008D> Faculty of law. 23sana .. Ahly &https://t.co/4hB5iwKBFj <f0><U+009F><U+008F><U+0086> Mansoura<f0><U+009F><U+008F><U+00A0> lawyer",FALSE,518,128,0,2016-11-24 13:37:29,97,-25200,"Pacific Time (US & Canada)",FALSE,FALSE,193,"ar",FALSE,FALSE,FALSE,"F5F8FA",NA,NA,FALSE,"http://pbs.twimg.com/profile_images/860559488646033408/uBxhD5qK_normal.jpg","https://pbs.twimg.com/profile_images/860559488646033408/uBxhD5qK_normal.jpg","http://pbs.twimg.com/profile_images/860559488646033408/uBxhD5qK_normal.jpg","https://pbs.twimg.com/profile_images/860559488646033408/uBxhD5qK_normal.jpg","1DA1F2","C0DEED","DDEEF6","333333",TRUE,TRUE,FALSE,"https://pbs.twimg.com/profile_banners/801781787051626497/1494077811"
"1401086916","*Andrew..","el_doou","Tanta","21 sana , photographer, accountant, Trance, tegara 3and el selm Ely henak",FALSE,882,861,2,2013-05-04 01:06:39,219,7200,"Cairo",TRUE,FALSE,2871,"en",FALSE,FALSE,FALSE,"1A1F21","http://pbs.twimg.com/profile_background_images/515163982194176002/VT06ZBRm.png","https://pbs.twimg.com/profile_background_images/515163982194176002/VT06ZBRm.png",TRUE,"http://pbs.twimg.com/profile_images/863754722553057282/hdA91iDm_normal.jpg","https://pbs.twimg.com/profile_images/863754722553057282/hdA91iDm_normal.jpg","http://pbs.twimg.com/profile_images/863754722553057282/hdA91iDm_normal.jpg","https://pbs.twimg.com/profile_images/863754722553057282/hdA91iDm_normal.jpg","E81C4F","FFF9FC","B8D7BD","CFBE30",FALSE,FALSE,FALSE,"https://pbs.twimg.com/profile_banners/1401086916/1473519483"
"867742097499201536","<f0><U+009F><U+0092><U+00A4>","alahlyfo2",NA,NA,FALSE,2,20,0,2017-05-25 14:00:12,0,NA,NA,FALSE,FALSE,2,"en",FALSE,FALSE,FALSE,"F5F8FA",NA,NA,FALSE,"http://pbs.twimg.com/profile_images/867743218212929536/RBX0VeYE_normal.jpg","https://pbs.twimg.com/profile_images/867743218212929536/RBX0VeYE_normal.jpg","http://pbs.twimg.com/profile_images/867743218212929536/RBX0VeYE_normal.jpg","https://pbs.twimg.com/profile_images/867743218212929536/RBX0VeYE_normal.jpg","1DA1F2","C0DEED","DDEEF6","333333",TRUE,TRUE,FALSE,"https://pbs.twimg.com/profile_banners/867742097499201536/1495721076"
"867736705486516225","Hagar Hany","HagarHany009",NA,"Aquarius <U+2652>
γΆ © λ θι ονκ μν ¦© ονκ ιοθ <U+2764>
My hijap is my crown<f0><U+009F><U+0091><U+0091>
A broadcater to be insha2allah <f0><U+009F><U+008E><U+00AC>",FALSE,25,185,0,2017-05-25 13:38:47,5,NA,NA,FALSE,FALSE,9,"en",FALSE,FALSE,FALSE,"F5F8FA",NA,NA,FALSE,"http://pbs.twimg.com/profile_images/867741753520128001/jyEK0l1g_normal.jpg","https://pbs.twimg.com/profile_images/867741753520128001/jyEK0l1g_normal.jpg","http://pbs.twimg.com/profile_images/867741753520128001/jyEK0l1g_normal.jpg","https://pbs.twimg.com/profile_images/867741753520128001/jyEK0l1g_normal.jpg","1DA1F2","C0DEED","DDEEF6","333333",TRUE,TRUE,FALSE,NA
"1620249086","mariam ¦amis","mariamkhamis52","Alexandria","Fashion illustrator<f0><U+009F><U+0091><U+0097>.. SamoZaen<f0><U+009F><U+0092><U+0095>",FALSE,3912,1519,10,2013-07-25 12:26:00,4299,10800,"Baghdad",TRUE,FALSE,43396,"en",FALSE,FALSE,FALSE,"000000","http://abs.twimg.com/images/themes/theme17/bg.gif","https://abs.twimg.com/images/themes/theme17/bg.gif",FALSE,"http://pbs.twimg.com/profile_images/867743618156703746/qFRlX97m_normal.jpg","https://pbs.twimg.com/profile_images/867743618156703746/qFRlX97m_normal.jpg","http://pbs.twimg.com/profile_images/867743618156703746/qFRlX97m_normal.jpg","https://pbs.twimg.com/profile_images/867743618156703746/qFRlX97m_normal.jpg","FF691F","000000","000000","000000",FALSE,FALSE,FALSE,"https://pbs.twimg.com/profile_banners/1620249086/1492614744"
"752423721302953984","Ϊ<U+2022>A7M<U+0110><U+265B><U+30C4>ΐ<U+2022><f0><U+009F><U+0091><U+00BB><f0><U+009F><U+0096><U+00A4>","_Ahmed305","Jeddah<f0><U+009F><U+0087><U+00B8><f0><U+009F><U+0087><U+00A6>& 6th of october<f0><U+009F><U+0087><U+00AA><f0><U+009F><U+0087><U+00AC>","<U+2022>blow the candies<U+2654> 24/6 <f0><U+009F><U+008E><U+0082> #κΆ©¤κ_αιλΆ« <f0><U+009F><U+008C><U+008A>",FALSE,259,120,0,2016-07-11 08:46:09,3209,NA,NA,FALSE,FALSE,1360,"en",FALSE,FALSE,FALSE,"F5F8FA",NA,NA,FALSE,"http://pbs.twimg.com/profile_images/867758702807457796/ta7CoTZ7_normal.jpg","https://pbs.twimg.com/profile_images/867758702807457796/ta7CoTZ7_normal.jpg","http://pbs.twimg.com/profile_images/867758702807457796/ta7CoTZ7_normal.jpg","https://pbs.twimg.com/profile_images/867758702807457796/ta7CoTZ7_normal.jpg","1DA1F2","C0DEED","DDEEF6","333333",TRUE,TRUE,FALSE,"https://pbs.twimg.com/profile_banners/752423721302953984/1495725010"
"866674537508765696","Lamis Hassan","LamisHassan6","Alexandria, Egypt",NA,FALSE,104,185,0,2017-05-22 15:18:06,67,NA,NA,FALSE,FALSE,118,"en",FALSE,FALSE,FALSE,"F5F8FA",NA,NA,FALSE,"http://pbs.twimg.com/profile_images/866675390902915076/4KdUrK7K_normal.jpg","https://pbs.twimg.com/profile_images/866675390902915076/4KdUrK7K_normal.jpg","http://pbs.twimg.com/profile_images/866675390902915076/4KdUrK7K_normal.jpg","https://pbs.twimg.com/profile_images/866675390902915076/4KdUrK7K_normal.jpg","1DA1F2","C0DEED","DDEEF6","333333",TRUE,TRUE,FALSE,NA
"827407068453859328","HossamTaha","TahaHosso","Egypt_Minya","20Y ...faculty of civil Engineering......
single ..ahlawy<f0><U+009F><U+0098><U+008D>....amr diab..Asala..<f0><U+009F><U+0098><U+008D>",FALSE,737,674,4,2017-02-03 06:43:12,154,NA,NA,FALSE,FALSE,1064,"en",FALSE,FALSE,FALSE,"F5F8FA",NA,NA,FALSE,"http://pbs.twimg.com/profile_images/861626773586497537/v7YCJdyZ_normal.jpg","https://pbs.twimg.com/profile_images/861626773586497537/v7YCJdyZ_normal.jpg","http://pbs.twimg.com/profile_images/861626773586497537/v7YCJdyZ_normal.jpg","https://pbs.twimg.com/profile_images/861626773586497537/v7YCJdyZ_normal.jpg","1DA1F2","C0DEED","DDEEF6","333333",TRUE,TRUE,FALSE,"https://pbs.twimg.com/profile_banners/827407068453859328/1492994142"
"1552985263","τοφ‘••νς ρ<U+2122><U+2654>","El__boub","<U+200F><U+0672>ι•••κ••••<U+06A0>••••••••••<U+0694><U+FB5A> <U+2665>","<U+200F><U+200F><U+200F><U+200F><U+200F><U+200F><U+200F><U+200F><U+200F><U+200F><U+200F><U+200F><U+200F>κΆγι¬  θ© ΆκνΆ νμΆ ηξ θνο«<U+2764><f0><U+009F><U+009A><U+00B6>             Άοκ_κλ_ι§νιμ<f0><U+009F><U+0092><U+009B> Άοκ_ι¬ιμ<f0><U+009F><U+0092><U+009C> Άοκ_ι§δι<f0><U+009F><U+0092><U+009A>
ικγΆηι_ο¥θκ<f0><U+009F><U+0094><U+009E> ιθμε_ο¥θκ<f0><U+009F><U+0094><U+009E> δΰ _ο¥θκ<f0><U+009F><U+0094><U+009E>",FALSE,1786,92,19,2013-06-28 12:15:43,12,7200,"Amsterdam",FALSE,FALSE,12541,"en",FALSE,FALSE,FALSE,"C0DEED","http://abs.twimg.com/images/themes/theme1/bg.png","https://abs.twimg.com/images/themes/theme1/bg.png",FALSE,"http://pbs.twimg.com/profile_images/867108255260184577/5BFYdJca_normal.jpg","https://pbs.twimg.com/profile_images/867108255260184577/5BFYdJca_normal.jpg","http://pbs.twimg.com/profile_images/867108255260184577/5BFYdJca_normal.jpg","https://pbs.twimg.com/profile_images/867108255260184577/5BFYdJca_normal.jpg","1DA1F2","C0DEED","DDEEF6","333333",TRUE,TRUE,FALSE,"https://pbs.twimg.com/profile_banners/1552985263/1494870961"
"783552626390626304","Salsabeela <f0><U+009F><U+008E><U+0080>","Msalsabeela","Cairo, Egypt","<U+200F>Bela <f0><U+009F><U+0091><U+0091>


ο ν©§μ ικγο ¦ιο ιην΅ Ά λ <f0><U+009F><U+008C><U+00BC><U+2728>.",FALSE,136,93,0,2016-10-05 06:21:18,46,NA,NA,FALSE,FALSE,251,"en",FALSE,FALSE,FALSE,"F5F8FA",NA,NA,FALSE,"http://pbs.twimg.com/profile_images/860800171717873669/wLIlRrqz_normal.jpg","https://pbs.twimg.com/profile_images/860800171717873669/wLIlRrqz_normal.jpg","http://pbs.twimg.com/profile_images/860800171717873669/wLIlRrqz_normal.jpg","https://pbs.twimg.com/profile_images/860800171717873669/wLIlRrqz_normal.jpg","1DA1F2","C0DEED","DDEEF6","333333",TRUE,TRUE,FALSE,"https://pbs.twimg.com/profile_banners/783552626390626304/1494065728"
"804637963904806912","¬ε••η<U+2652>","eman8318","Alexander City, AL","<U+200F><U+200F>ν©§ο΅ Ά¥ικ Άηανεμ<f0><U+009F><U+0092><U+0099><f0><U+009F><U+008C><U+008D><f0><U+009F><U+0092><U+00AB>",FALSE,6117,5711,4,2016-12-02 10:46:54,474,NA,NA,TRUE,FALSE,770,"ar",FALSE,FALSE,FALSE,"000000","http://abs.twimg.com/images/themes/theme1/bg.png","https://abs.twimg.com/images/themes/theme1/bg.png",FALSE,"http://pbs.twimg.com/profile_images/866647665890783233/Xc8QEBF8_normal.jpg","https://pbs.twimg.com/profile_images/866647665890783233/Xc8QEBF8_normal.jpg","http://pbs.twimg.com/profile_images/866647665890783233/Xc8QEBF8_normal.jpg","https://pbs.twimg.com/profile_images/866647665890783233/Xc8QEBF8_normal.jpg","1B95E0","000000","000000","000000",FALSE,FALSE,FALSE,"https://pbs.twimg.com/profile_banners/804637963904806912/1491874153"
"615193096","κολ ιο γθ¬ ι¬¥λ","Mena_Mekhaeal",NA,"<U+200F>λ¥λ ι£ν© κ©ΰξ  κ©ΰ ο§γξ κ­© ι λ©ο§ ιΆ¦ι­ κλμ νιθλ λ©ο§ ¬εμ
θλ κγθκ ν¥§ ικ οεη§ ικι  γ§ 
νκ¬ ¥οεη§ν ¥Άξ ιν ¥­ι ομ
μ¨ ιθνλΆ κ¥κο  ν«α΅ ¤κι ¥¤΅",FALSE,2080,1958,0,2012-06-22 13:57:40,178,7200,"Cairo",FALSE,FALSE,2932,"ar",FALSE,FALSE,FALSE,"C0DEED","http://pbs.twimg.com/profile_background_images/378800000053507077/3f9892067fbc554d511532f4c1cc0bb8.jpeg","https://pbs.twimg.com/profile_background_images/378800000053507077/3f9892067fbc554d511532f4c1cc0bb8.jpeg",TRUE,"http://pbs.twimg.com/profile_images/599153488208224256/wE0Hwl5H_normal.jpg","https://pbs.twimg.com/profile_images/599153488208224256/wE0Hwl5H_normal.jpg","http://pbs.twimg.com/profile_images/599153488208224256/wE0Hwl5H_normal.jpg","https://pbs.twimg.com/profile_images/599153488208224256/wE0Hwl5H_normal.jpg","0084B4","FFFFFF","DDEEF6","333333",TRUE,FALSE,FALSE,"https://pbs.twimg.com/profile_banners/615193096/1398251772"
"3346984061","H Ά¬ομ","Ahmed_H_Hammam","Qena, Egypt","Architect, Fine Arts, Architecture Department, Ahlawy, Cairokee-ian, Treka lover<U+2764>",FALSE,243,132,2,2015-06-26 22:13:45,75,-25200,"Pacific Time (US & Canada)",FALSE,FALSE,1723,"en",FALSE,FALSE,FALSE,"C0DEED","http://abs.twimg.com/images/themes/theme1/bg.png","https://abs.twimg.com/images/themes/theme1/bg.png",FALSE,"http://pbs.twimg.com/profile_images/867027865761710081/OK2K2lj4_normal.jpg","https://pbs.twimg.com/profile_images/867027865761710081/OK2K2lj4_normal.jpg","http://pbs.twimg.com/profile_images/867027865761710081/OK2K2lj4_normal.jpg","https://pbs.twimg.com/profile_images/867027865761710081/OK2K2lj4_normal.jpg","1DA1F2","C0DEED","DDEEF6","333333",TRUE,TRUE,FALSE,"https://pbs.twimg.com/profile_banners/3346984061/1473208360"
"423311080","<U+011C><U+0119><U+00F3>r<U+011D><U+0119>I<U+00DE>r<U+00E5><U+0125>im","georgeibrahim9",NA,"17 sana. love deutsch. music  is my life. ahlawy",FALSE,758,915,0,2011-11-28 10:27:30,429,NA,NA,FALSE,FALSE,308,"en",FALSE,FALSE,FALSE,"000000","http://abs.twimg.com/images/themes/theme1/bg.png","https://abs.twimg.com/images/themes/theme1/bg.png",FALSE,"http://pbs.twimg.com/profile_images/867307768260198400/tRI7i8ad_normal.jpg","https://pbs.twimg.com/profile_images/867307768260198400/tRI7i8ad_normal.jpg","http://pbs.twimg.com/profile_images/867307768260198400/tRI7i8ad_normal.jpg","https://pbs.twimg.com/profile_images/867307768260198400/tRI7i8ad_normal.jpg","E81C4F","000000","000000","000000",FALSE,FALSE,FALSE,NA
"2328201074","Sawy<U+2668><U+26BD>","M7mdDeghady","El menofia, Egypt ","Fci.MU .Engineer.computer science<f0><U+009F><U+0092><U+00BB> .
Drug is Football <U+26BD>
AlAhly . Barcelona .. liverpool ..<U+26BD>
 Dad <f0><U+009F><U+0098><U+00A2><f0><U+009F><U+0098><U+00A2><f0><U+009F><U+0092><U+0094>",FALSE,311,570,1,2014-02-05 04:35:53,1396,-25200,"Pacific Time (US & Canada)",TRUE,FALSE,2942,"en",FALSE,FALSE,FALSE,"C0DEED","http://abs.twimg.com/images/themes/theme1/bg.png","https://abs.twimg.com/images/themes/theme1/bg.png",FALSE,"http://pbs.twimg.com/profile_images/867172682571362305/saerAtL3_normal.jpg","https://pbs.twimg.com/profile_images/867172682571362305/saerAtL3_normal.jpg","http://pbs.twimg.com/profile_images/867172682571362305/saerAtL3_normal.jpg","https://pbs.twimg.com/profile_images/867172682571362305/saerAtL3_normal.jpg","1DA1F2","C0DEED","DDEEF6","333333",TRUE,TRUE,FALSE,"https://pbs.twimg.com/profile_banners/2328201074/1495497534"
"615193096","κολ ιο γθ¬ ι¬¥λ","Mena_Mekhaeal",NA,"<U+200F>λ¥λ ι£ν© κ©ΰξ  κ©ΰ ο§γξ κ­© ι λ©ο§ ιΆ¦ι­ κλμ νιθλ λ©ο§ ¬εμ
θλ κγθκ ν¥§ ικ οεη§ ικι  γ§ 
νκ¬ ¥οεη§ν ¥Άξ ιν ¥­ι ομ
μ¨ ιθνλΆ κ¥κο  ν«α΅ ¤κι ¥¤΅",FALSE,2080,1958,0,2012-06-22 13:57:40,178,7200,"Cairo",FALSE,FALSE,2932,"ar",FALSE,FALSE,FALSE,"C0DEED","http://pbs.twimg.com/profile_background_images/378800000053507077/3f9892067fbc554d511532f4c1cc0bb8.jpeg","https://pbs.twimg.com/profile_background_images/378800000053507077/3f9892067fbc554d511532f4c1cc0bb8.jpeg",TRUE,"http://pbs.twimg.com/profile_images/599153488208224256/wE0Hwl5H_normal.jpg","https://pbs.twimg.com/profile_images/599153488208224256/wE0Hwl5H_normal.jpg","http://pbs.twimg.com/profile_images/599153488208224256/wE0Hwl5H_normal.jpg","https://pbs.twimg.com/profile_images/599153488208224256/wE0Hwl5H_normal.jpg","0084B4","FFFFFF","DDEEF6","333333",TRUE,FALSE,FALSE,"https://pbs.twimg.com/profile_banners/615193096/1398251772"
"608276799","Muhammed ElbeSndeLi","be_so5","Egypt","Madridsta <f0><U+009F><U+0087><U+00AA><f0><U+009F><U+0087><U+00B8><U+26BD><U+FE0F>-instagram : be_so5 snapchat :elbesendeli",FALSE,199,91,0,2012-06-14 14:38:42,614,-25200,"Pacific Time (US & Canada)",TRUE,FALSE,3402,"en",FALSE,FALSE,FALSE,"000000","http://abs.twimg.com/images/themes/theme1/bg.png","https://abs.twimg.com/images/themes/theme1/bg.png",FALSE,"http://pbs.twimg.com/profile_images/866488136704065538/Lq0z5_1n_normal.jpg","https://pbs.twimg.com/profile_images/866488136704065538/Lq0z5_1n_normal.jpg","http://pbs.twimg.com/profile_images/866488136704065538/Lq0z5_1n_normal.jpg","https://pbs.twimg.com/profile_images/866488136704065538/Lq0z5_1n_normal.jpg","000000","000000","000000","000000",FALSE,FALSE,FALSE,"https://pbs.twimg.com/profile_banners/608276799/1494011821"
"1620249086","mariam ¦amis","mariamkhamis52","Alexandria","Fashion illustrator<f0><U+009F><U+0091><U+0097>.. SamoZaen<f0><U+009F><U+0092><U+0095>",FALSE,3912,1519,10,2013-07-25 12:26:00,4299,10800,"Baghdad",TRUE,FALSE,43396,"en",FALSE,FALSE,FALSE,"000000","http://abs.twimg.com/images/themes/theme17/bg.gif","https://abs.twimg.com/images/themes/theme17/bg.gif",FALSE,"http://pbs.twimg.com/profile_images/867743618156703746/qFRlX97m_normal.jpg","https://pbs.twimg.com/profile_images/867743618156703746/qFRlX97m_normal.jpg","http://pbs.twimg.com/profile_images/867743618156703746/qFRlX97m_normal.jpg","https://pbs.twimg.com/profile_images/867743618156703746/qFRlX97m_normal.jpg","FF691F","000000","000000","000000",FALSE,FALSE,FALSE,"https://pbs.twimg.com/profile_banners/1620249086/1492614744"
"2356989554","Amro","sheenawyy","Cairo, Egypt","<U+200F><U+200F><U+200F><U+200F><U+200F><U+200F><U+200F><U+200F>|10|
RamadanSobhi|SOCCER PLAYER AND BROUND <U+26BD><U+2764>. κλ ©ΰ  ηΰ © μ <U+060C> ©ΰμ ιιμ  ¤κι η§©μ , ι¥κ§ιιμ §κ™ ν §™ <f0><U+009F><U+0099><U+008F>",FALSE,106,91,0,2014-02-22 21:55:05,14,10800,"Athens",TRUE,FALSE,1176,"en",FALSE,FALSE,FALSE,"ACDED6","http://abs.twimg.com/images/themes/theme18/bg.gif","https://abs.twimg.com/images/themes/theme18/bg.gif",FALSE,"http://pbs.twimg.com/profile_images/867746258148106240/xA4Uaybz_normal.jpg","https://pbs.twimg.com/profile_images/867746258148106240/xA4Uaybz_normal.jpg","http://pbs.twimg.com/profile_images/867746258148106240/xA4Uaybz_normal.jpg","https://pbs.twimg.com/profile_images/867746258148106240/xA4Uaybz_normal.jpg","FA743E","000000","000000","000000",TRUE,FALSE,FALSE,"https://pbs.twimg.com/profile_banners/2356989554/1494514188"
"726467044158410752","Doaa Ali","DoaaAli39117241","Cairo, GA","<U+200F>ι§λο ν«γ κλ ¥§ν§ γλοθ",FALSE,150,217,0,2016-04-30 17:43:35,421,NA,NA,FALSE,FALSE,297,"ar",FALSE,FALSE,FALSE,"F5F8FA",NA,NA,FALSE,"http://pbs.twimg.com/profile_images/826137677460283396/kain_FGe_normal.jpg","https://pbs.twimg.com/profile_images/826137677460283396/kain_FGe_normal.jpg","http://pbs.twimg.com/profile_images/826137677460283396/kain_FGe_normal.jpg","https://pbs.twimg.com/profile_images/826137677460283396/kain_FGe_normal.jpg","1DA1F2","C0DEED","DDEEF6","333333",TRUE,TRUE,FALSE,"https://pbs.twimg.com/profile_banners/726467044158410752/1485801553"
