"user_id","name","screen_name","location","description","protected","followers_count","friends_count","listed_count","created_at","favourites_count","utc_offset","time_zone","geo_enabled","verified","statuses_count","lang","contributors_enabled","is_translator","is_translation_enabled","profile_background_color","profile_background_image_url","profile_background_image_url_https","profile_background_tile","profile_image_url","profile_image_url_https","profile_image_url.1","profile_image_url_https.1","profile_link_color","profile_sidebar_border_color","profile_sidebar_fill_color","profile_text_color","profile_use_background_image","default_profile","default_profile_image","profile_banner_url"
"4172212635","Reem<U+270C>","reemansour30","  ι§ ινλαμ <U+270C>","­ιο γιο ιιο μο¬εγ εοθ<U+2764><U+2764> .. ©›ο <U+2764>.. ©με <U+2764>",FALSE,1795,1154,4,2015-11-12 15:46:53,2854,NA,NA,TRUE,FALSE,5084,"en",FALSE,FALSE,FALSE,"C0DEED","http://abs.twimg.com/images/themes/theme1/bg.png","https://abs.twimg.com/images/themes/theme1/bg.png",FALSE,"http://pbs.twimg.com/profile_images/883878569180622848/eSo9ISSB_normal.jpg","https://pbs.twimg.com/profile_images/883878569180622848/eSo9ISSB_normal.jpg","http://pbs.twimg.com/profile_images/883878569180622848/eSo9ISSB_normal.jpg","https://pbs.twimg.com/profile_images/883878569180622848/eSo9ISSB_normal.jpg","1DA1F2","C0DEED","DDEEF6","333333",TRUE,TRUE,FALSE,"https://pbs.twimg.com/profile_banners/4172212635/1499570849"
"4299678634","γν | +56 <f0><U+009F><U+008E><U+00BB>","Azz_38",NA,"£ι£ ιη©™λ <U+FDFD> <U+FD3F> ηυι’ μυντ ιιτ‘μυ τ¥τ§ς <U+06DD> ιιτ‘μυ ι­τ‘κτ§υ <U+06DD> ιτκ’ οτιφ§’ ντιτκ’ ουνιτ§’ <U+06DD> ντιτκ’ οτθυλ’ ιτμυ θυευνρ τ¥τ§ς <U+06DD><U+FD3E>",FALSE,365,401,2,2015-11-27 20:07:10,19,NA,NA,TRUE,FALSE,1970,"ar",FALSE,FALSE,FALSE,"C0DEED","http://abs.twimg.com/images/themes/theme1/bg.png","https://abs.twimg.com/images/themes/theme1/bg.png",FALSE,"http://pbs.twimg.com/profile_images/860783909667262464/dpea1y15_normal.jpg","https://pbs.twimg.com/profile_images/860783909667262464/dpea1y15_normal.jpg","http://pbs.twimg.com/profile_images/860783909667262464/dpea1y15_normal.jpg","https://pbs.twimg.com/profile_images/860783909667262464/dpea1y15_normal.jpg","1DA1F2","C0DEED","DDEEF6","333333",TRUE,TRUE,FALSE,"https://pbs.twimg.com/profile_banners/4299678634/1455910606"
"1088781799","aboode mersa","AboodeMersa","γλ§ «©¤ κμκ΅ <f0><U+009F><U+0098><U+008E><f0><U+009F><U+0098><U+0082>","""ογνΰλ ιιμ §κρ  ¬ο ι Άυ©ξ ιθλμ Άυΰο"".<U+2764><U+FE0F> snapchat<f0><U+009F><U+0091><U+00BB> : aboodemersa",FALSE,1058,2553,2,2013-01-14 11:39:08,3695,NA,NA,FALSE,FALSE,1750,"ar",FALSE,FALSE,FALSE,"0F0E14","http://pbs.twimg.com/profile_background_images/771997759/a0f39279e8d7a84e3056f102a3dfdd7e.png","https://pbs.twimg.com/profile_background_images/771997759/a0f39279e8d7a84e3056f102a3dfdd7e.png",TRUE,"http://pbs.twimg.com/profile_images/879407112589373443/Xv1TqTn__normal.jpg","https://pbs.twimg.com/profile_images/879407112589373443/Xv1TqTn__normal.jpg","http://pbs.twimg.com/profile_images/879407112589373443/Xv1TqTn__normal.jpg","https://pbs.twimg.com/profile_images/879407112589373443/Xv1TqTn__normal.jpg","1B95E0","E6E4E5","DED8DA","726B72",TRUE,FALSE,FALSE,"https://pbs.twimg.com/profile_banners/1088781799/1497894681"
"767097836567756801","reem_ha.abfan<f0><U+009F><U+0091><U+0091><f0><U+009F><U+0092><U+0096>","reemahm20951497","ιηιον ο΅, κ­©","Mohamedabbs<f0><U+009F><U+0091><U+0091> haidymoussa<f0><U+009F><U+0091><U+0091> they 're my pride <f0><U+009F><U+0098><U+008C><U+270B> ISA u will find your dream <f0><U+009F><U+0099><U+008F><f0><U+009F><U+0092><U+0096>",FALSE,78,218,0,2016-08-20 20:35:51,2096,NA,NA,TRUE,FALSE,3641,"ar",FALSE,FALSE,FALSE,"F5F8FA",NA,NA,FALSE,"http://pbs.twimg.com/profile_images/883756111735787524/JpwwnWR7_normal.jpg","https://pbs.twimg.com/profile_images/883756111735787524/JpwwnWR7_normal.jpg","http://pbs.twimg.com/profile_images/883756111735787524/JpwwnWR7_normal.jpg","https://pbs.twimg.com/profile_images/883756111735787524/JpwwnWR7_normal.jpg","1DA1F2","C0DEED","DDEEF6","333333",TRUE,TRUE,FALSE,"https://pbs.twimg.com/profile_banners/767097836567756801/1499529276"
"748634057664258049","<f0><U+009F><U+0091><U+008C>ΰ¥θο΅ ΅΅<f0><U+009F><U+0092><U+0093>","YouSseffarg3","London, England","nƒm‰:/Y<U+00F3><U+016B><U+0161><U+015B>f f<U+00E6><U+0159>g
19y‰ƒr
W.<U+00C4>:\01026938449
<U+26BD><U+017D><U+00E1>m<U+013E>ek&R‰<U+00E3>l mƒd<U+0155><U+0119><U+0111>
<f0><U+009F><U+008E><U+00A4>j–<U+0161>tin <U+00DF>‹<U+0117>ber&el j“k<U+0113><U+0159>
<f0><U+009F><U+008E><U+00B6> Z<U+00E3><U+00FF>n Mƒ<U+0142><U+00ED>k
<U+2661>Ronaldo\<U+00F5>zel\reus\ibrahimovice
#Άοκ_ιε©λ¤μ",FALSE,2438,1925,2,2016-06-30 21:47:23,112,NA,NA,FALSE,FALSE,1013,"en-gb",FALSE,FALSE,FALSE,"000000","http://abs.twimg.com/images/themes/theme1/bg.png","https://abs.twimg.com/images/themes/theme1/bg.png",FALSE,"http://pbs.twimg.com/profile_images/881999413681565696/XYIZvxO__normal.jpg","https://pbs.twimg.com/profile_images/881999413681565696/XYIZvxO__normal.jpg","http://pbs.twimg.com/profile_images/881999413681565696/XYIZvxO__normal.jpg","https://pbs.twimg.com/profile_images/881999413681565696/XYIZvxO__normal.jpg","981CEB","000000","000000","000000",FALSE,FALSE,FALSE,"https://pbs.twimg.com/profile_banners/748634057664258049/1494600825"
"2766419622","κ¤λνλ Ά©λοΆ","agooooor","El_Mehalla","§γνιξ  ι©¥κ΅ ###",FALSE,383,276,1,2014-08-25 14:03:22,1547,10800,"Kyiv",FALSE,FALSE,7557,"en",FALSE,FALSE,FALSE,"000000","http://abs.twimg.com/images/themes/theme1/bg.png","https://abs.twimg.com/images/themes/theme1/bg.png",FALSE,"http://pbs.twimg.com/profile_images/857741365521862657/jRXZdItE_normal.jpg","https://pbs.twimg.com/profile_images/857741365521862657/jRXZdItE_normal.jpg","http://pbs.twimg.com/profile_images/857741365521862657/jRXZdItE_normal.jpg","https://pbs.twimg.com/profile_images/857741365521862657/jRXZdItE_normal.jpg","3B94D9","000000","000000","000000",FALSE,FALSE,FALSE,"https://pbs.twimg.com/profile_banners/2766419622/1456414164"
"748634057664258049","<f0><U+009F><U+0091><U+008C>ΰ¥θο΅ ΅΅<f0><U+009F><U+0092><U+0093>","YouSseffarg3","London, England","nƒm‰:/Y<U+00F3><U+016B><U+0161><U+015B>f f<U+00E6><U+0159>g
19y‰ƒr
W.<U+00C4>:\01026938449
<U+26BD><U+017D><U+00E1>m<U+013E>ek&R‰<U+00E3>l mƒd<U+0155><U+0119><U+0111>
<f0><U+009F><U+008E><U+00A4>j–<U+0161>tin <U+00DF>‹<U+0117>ber&el j“k<U+0113><U+0159>
<f0><U+009F><U+008E><U+00B6> Z<U+00E3><U+00FF>n Mƒ<U+0142><U+00ED>k
<U+2661>Ronaldo\<U+00F5>zel\reus\ibrahimovice
#Άοκ_ιε©λ¤μ",FALSE,2438,1925,2,2016-06-30 21:47:23,112,NA,NA,FALSE,FALSE,1013,"en-gb",FALSE,FALSE,FALSE,"000000","http://abs.twimg.com/images/themes/theme1/bg.png","https://abs.twimg.com/images/themes/theme1/bg.png",FALSE,"http://pbs.twimg.com/profile_images/881999413681565696/XYIZvxO__normal.jpg","https://pbs.twimg.com/profile_images/881999413681565696/XYIZvxO__normal.jpg","http://pbs.twimg.com/profile_images/881999413681565696/XYIZvxO__normal.jpg","https://pbs.twimg.com/profile_images/881999413681565696/XYIZvxO__normal.jpg","981CEB","000000","000000","000000",FALSE,FALSE,FALSE,"https://pbs.twimg.com/profile_banners/748634057664258049/1494600825"
"2873860289","κο©νννν","MiR0000ZZ","Egypt","γικο΅   ¥  ιλ« ιγενο΅<U+060C> θΆ  γ¬λ λε«ο νγ¬λ λ« μλ  ¥ μκ<U+060C>ιμιο γλ§ο  ι¥ο΅<U+060C>p.s,©«λι<U+2764><U+FE0F>κ§©ο§",FALSE,13296,310,21,2014-11-12 15:36:30,899,7200,"Cairo",TRUE,FALSE,48387,"en",FALSE,FALSE,TRUE,"000000","http://abs.twimg.com/images/themes/theme1/bg.png","https://abs.twimg.com/images/themes/theme1/bg.png",FALSE,"http://pbs.twimg.com/profile_images/867465355102388225/pGf7fEuz_normal.jpg","https://pbs.twimg.com/profile_images/867465355102388225/pGf7fEuz_normal.jpg","http://pbs.twimg.com/profile_images/867465355102388225/pGf7fEuz_normal.jpg","https://pbs.twimg.com/profile_images/867465355102388225/pGf7fEuz_normal.jpg","3B94D9","000000","000000","000000",FALSE,FALSE,FALSE,"https://pbs.twimg.com/profile_banners/2873860289/1495655078"
"872488050626113536","Yasmeen Ehab","YasmeenEhab15",NA,NA,FALSE,14,13,0,2017-06-07 16:18:56,19,NA,NA,FALSE,FALSE,115,"en",FALSE,FALSE,FALSE,"F5F8FA",NA,NA,FALSE,"http://pbs.twimg.com/profile_images/876963827191087104/Jln2hKYC_normal.jpg","https://pbs.twimg.com/profile_images/876963827191087104/Jln2hKYC_normal.jpg","http://pbs.twimg.com/profile_images/876963827191087104/Jln2hKYC_normal.jpg","https://pbs.twimg.com/profile_images/876963827191087104/Jln2hKYC_normal.jpg","1DA1F2","C0DEED","DDEEF6","333333",TRUE,TRUE,FALSE,NA
"3179415431","Asmaa zahran","asmaazahran2014",NA,NA,FALSE,29,11,0,2015-04-18 12:43:08,133,NA,NA,FALSE,FALSE,87,"ar",FALSE,FALSE,FALSE,"C0DEED","http://abs.twimg.com/images/themes/theme1/bg.png","https://abs.twimg.com/images/themes/theme1/bg.png",FALSE,"http://pbs.twimg.com/profile_images/721682869102505984/-hwo2MZU_normal.jpg","https://pbs.twimg.com/profile_images/721682869102505984/-hwo2MZU_normal.jpg","http://pbs.twimg.com/profile_images/721682869102505984/-hwo2MZU_normal.jpg","https://pbs.twimg.com/profile_images/721682869102505984/-hwo2MZU_normal.jpg","1DA1F2","C0DEED","DDEEF6","333333",TRUE,TRUE,FALSE,NA
"748634057664258049","<f0><U+009F><U+0091><U+008C>ΰ¥θο΅ ΅΅<f0><U+009F><U+0092><U+0093>","YouSseffarg3","London, England","nƒm‰:/Y<U+00F3><U+016B><U+0161><U+015B>f f<U+00E6><U+0159>g
19y‰ƒr
W.<U+00C4>:\01026938449
<U+26BD><U+017D><U+00E1>m<U+013E>ek&R‰<U+00E3>l mƒd<U+0155><U+0119><U+0111>
<f0><U+009F><U+008E><U+00A4>j–<U+0161>tin <U+00DF>‹<U+0117>ber&el j“k<U+0113><U+0159>
<f0><U+009F><U+008E><U+00B6> Z<U+00E3><U+00FF>n Mƒ<U+0142><U+00ED>k
<U+2661>Ronaldo\<U+00F5>zel\reus\ibrahimovice
#Άοκ_ιε©λ¤μ",FALSE,2438,1925,2,2016-06-30 21:47:23,112,NA,NA,FALSE,FALSE,1013,"en-gb",FALSE,FALSE,FALSE,"000000","http://abs.twimg.com/images/themes/theme1/bg.png","https://abs.twimg.com/images/themes/theme1/bg.png",FALSE,"http://pbs.twimg.com/profile_images/881999413681565696/XYIZvxO__normal.jpg","https://pbs.twimg.com/profile_images/881999413681565696/XYIZvxO__normal.jpg","http://pbs.twimg.com/profile_images/881999413681565696/XYIZvxO__normal.jpg","https://pbs.twimg.com/profile_images/881999413681565696/XYIZvxO__normal.jpg","981CEB","000000","000000","000000",FALSE,FALSE,FALSE,"https://pbs.twimg.com/profile_banners/748634057664258049/1494600825"
"804044234","SHR<f0><U+009F><U+0094><U+0086>UK","ShroukGhopish","El Sharkia, Egypt","yah I'm different <f0><U+009F><U+0098><U+0089> U don't like it <f0><U+009F><U+0098><U+00AE> I don't care <f0><U+009F><U+0098><U+008E><U+270B><f0><U+009F><U+008F><U+00BB>",FALSE,109,138,1,2012-09-05 07:06:43,668,-25200,"Pacific Time (US & Canada)",TRUE,FALSE,828,"en",FALSE,FALSE,FALSE,"F5234D","http://pbs.twimg.com/profile_background_images/501903980989911042/oCx3xJhf.jpeg","https://pbs.twimg.com/profile_background_images/501903980989911042/oCx3xJhf.jpeg",FALSE,"http://pbs.twimg.com/profile_images/883835982361100288/21rKAqei_normal.jpg","https://pbs.twimg.com/profile_images/883835982361100288/21rKAqei_normal.jpg","http://pbs.twimg.com/profile_images/883835982361100288/21rKAqei_normal.jpg","https://pbs.twimg.com/profile_images/883835982361100288/21rKAqei_normal.jpg","E81C4F","FFFFFF","DDEEF6","333333",TRUE,FALSE,FALSE,"https://pbs.twimg.com/profile_banners/804044234/1499410097"
"1852272242","<f0><U+009F><U+0098><U+0098>crazy BATOOT<f0><U+009F><U+0098><U+0098>","batoot_eman","εο  οΆλ","<U+200F><U+200F><U+200F><U+200F><U+200F><U+200F><U+200F><U+200F><U+200F><U+200F><U+200F><U+200F><U+200F><U+200F><U+200F><U+200F><U+200F><U+200F><U+200F><U+200F>ν¥§΅ κ¤λνλ΅  Ά¥νι Άεμκ λε«μ ν κ¥§¬  ογ©ε οεμκμ ν ι ο«Ά¥κιμ..κ¬ο΅  λβ©ο΅ οθ¬ Άνιγ..ι¥κι ογλξ ¦ε κλξ<f0><U+009F><U+0098><U+0089>",FALSE,1912,123,21,2013-09-10 19:06:58,3181,7200,"Cairo",TRUE,FALSE,56544,"en",FALSE,FALSE,FALSE,"000000","http://abs.twimg.com/images/themes/theme4/bg.gif","https://abs.twimg.com/images/themes/theme4/bg.gif",FALSE,"http://pbs.twimg.com/profile_images/884236740814417921/-zpKnQ9D_normal.jpg","https://pbs.twimg.com/profile_images/884236740814417921/-zpKnQ9D_normal.jpg","http://pbs.twimg.com/profile_images/884236740814417921/-zpKnQ9D_normal.jpg","https://pbs.twimg.com/profile_images/884236740814417921/-zpKnQ9D_normal.jpg","F58EA8","000000","000000","000000",FALSE,FALSE,FALSE,"https://pbs.twimg.com/profile_banners/1852272242/1497717007"
"748634057664258049","<f0><U+009F><U+0091><U+008C>ΰ¥θο΅ ΅΅<f0><U+009F><U+0092><U+0093>","YouSseffarg3","London, England","nƒm‰:/Y<U+00F3><U+016B><U+0161><U+015B>f f<U+00E6><U+0159>g
19y‰ƒr
W.<U+00C4>:\01026938449
<U+26BD><U+017D><U+00E1>m<U+013E>ek&R‰<U+00E3>l mƒd<U+0155><U+0119><U+0111>
<f0><U+009F><U+008E><U+00A4>j–<U+0161>tin <U+00DF>‹<U+0117>ber&el j“k<U+0113><U+0159>
<f0><U+009F><U+008E><U+00B6> Z<U+00E3><U+00FF>n Mƒ<U+0142><U+00ED>k
<U+2661>Ronaldo\<U+00F5>zel\reus\ibrahimovice
#Άοκ_ιε©λ¤μ",FALSE,2438,1925,2,2016-06-30 21:47:23,112,NA,NA,FALSE,FALSE,1013,"en-gb",FALSE,FALSE,FALSE,"000000","http://abs.twimg.com/images/themes/theme1/bg.png","https://abs.twimg.com/images/themes/theme1/bg.png",FALSE,"http://pbs.twimg.com/profile_images/881999413681565696/XYIZvxO__normal.jpg","https://pbs.twimg.com/profile_images/881999413681565696/XYIZvxO__normal.jpg","http://pbs.twimg.com/profile_images/881999413681565696/XYIZvxO__normal.jpg","https://pbs.twimg.com/profile_images/881999413681565696/XYIZvxO__normal.jpg","981CEB","000000","000000","000000",FALSE,FALSE,FALSE,"https://pbs.twimg.com/profile_banners/748634057664258049/1494600825"
"872488050626113536","Yasmeen Ehab","YasmeenEhab15",NA,NA,FALSE,14,13,0,2017-06-07 16:18:56,19,NA,NA,FALSE,FALSE,115,"en",FALSE,FALSE,FALSE,"F5F8FA",NA,NA,FALSE,"http://pbs.twimg.com/profile_images/876963827191087104/Jln2hKYC_normal.jpg","https://pbs.twimg.com/profile_images/876963827191087104/Jln2hKYC_normal.jpg","http://pbs.twimg.com/profile_images/876963827191087104/Jln2hKYC_normal.jpg","https://pbs.twimg.com/profile_images/876963827191087104/Jln2hKYC_normal.jpg","1DA1F2","C0DEED","DDEEF6","333333",TRUE,TRUE,FALSE,NA
"872488050626113536","Yasmeen Ehab","YasmeenEhab15",NA,NA,FALSE,14,13,0,2017-06-07 16:18:56,19,NA,NA,FALSE,FALSE,115,"en",FALSE,FALSE,FALSE,"F5F8FA",NA,NA,FALSE,"http://pbs.twimg.com/profile_images/876963827191087104/Jln2hKYC_normal.jpg","https://pbs.twimg.com/profile_images/876963827191087104/Jln2hKYC_normal.jpg","http://pbs.twimg.com/profile_images/876963827191087104/Jln2hKYC_normal.jpg","https://pbs.twimg.com/profile_images/876963827191087104/Jln2hKYC_normal.jpg","1DA1F2","C0DEED","DDEEF6","333333",TRUE,TRUE,FALSE,NA
"1852272242","<f0><U+009F><U+0098><U+0098>crazy BATOOT<f0><U+009F><U+0098><U+0098>","batoot_eman","εο  οΆλ","<U+200F><U+200F><U+200F><U+200F><U+200F><U+200F><U+200F><U+200F><U+200F><U+200F><U+200F><U+200F><U+200F><U+200F><U+200F><U+200F><U+200F><U+200F><U+200F><U+200F>ν¥§΅ κ¤λνλ΅  Ά¥νι Άεμκ λε«μ ν κ¥§¬  ογ©ε οεμκμ ν ι ο«Ά¥κιμ..κ¬ο΅  λβ©ο΅ οθ¬ Άνιγ..ι¥κι ογλξ ¦ε κλξ<f0><U+009F><U+0098><U+0089>",FALSE,1912,123,21,2013-09-10 19:06:58,3181,7200,"Cairo",TRUE,FALSE,56544,"en",FALSE,FALSE,FALSE,"000000","http://abs.twimg.com/images/themes/theme4/bg.gif","https://abs.twimg.com/images/themes/theme4/bg.gif",FALSE,"http://pbs.twimg.com/profile_images/884236740814417921/-zpKnQ9D_normal.jpg","https://pbs.twimg.com/profile_images/884236740814417921/-zpKnQ9D_normal.jpg","http://pbs.twimg.com/profile_images/884236740814417921/-zpKnQ9D_normal.jpg","https://pbs.twimg.com/profile_images/884236740814417921/-zpKnQ9D_normal.jpg","F58EA8","000000","000000","000000",FALSE,FALSE,FALSE,"https://pbs.twimg.com/profile_banners/1852272242/1497717007"
"2766419622","κ¤λνλ Ά©λοΆ","agooooor","El_Mehalla","§γνιξ  ι©¥κ΅ ###",FALSE,383,276,1,2014-08-25 14:03:22,1547,10800,"Kyiv",FALSE,FALSE,7557,"en",FALSE,FALSE,FALSE,"000000","http://abs.twimg.com/images/themes/theme1/bg.png","https://abs.twimg.com/images/themes/theme1/bg.png",FALSE,"http://pbs.twimg.com/profile_images/857741365521862657/jRXZdItE_normal.jpg","https://pbs.twimg.com/profile_images/857741365521862657/jRXZdItE_normal.jpg","http://pbs.twimg.com/profile_images/857741365521862657/jRXZdItE_normal.jpg","https://pbs.twimg.com/profile_images/857741365521862657/jRXZdItE_normal.jpg","3B94D9","000000","000000","000000",FALSE,FALSE,FALSE,"https://pbs.twimg.com/profile_banners/2766419622/1456414164"
"865269151820066816","Is The Re3","the_re3",NA,"λ «κο© « νΆ ¥ ο θ ο λν©",FALSE,56,29,0,2017-05-18 18:13:36,424,NA,NA,FALSE,FALSE,530,"en",FALSE,FALSE,FALSE,"F5F8FA",NA,NA,FALSE,"http://pbs.twimg.com/profile_images/865270652277796864/5b3K9Lxc_normal.jpg","https://pbs.twimg.com/profile_images/865270652277796864/5b3K9Lxc_normal.jpg","http://pbs.twimg.com/profile_images/865270652277796864/5b3K9Lxc_normal.jpg","https://pbs.twimg.com/profile_images/865270652277796864/5b3K9Lxc_normal.jpg","1DA1F2","C0DEED","DDEEF6","333333",TRUE,TRUE,FALSE,"https://pbs.twimg.com/profile_banners/865269151820066816/1495131665"
"358482594","Nardien <f0><U+009F><U+00A4><U+00A6><f0><U+009F><U+008F><U+00BB><U+200D><U+2640><U+FE0F><f0><U+009F><U+00A6><U+0084>","AliyaSa3d","Cairo, Egypt","Oh my useless life. On my enemies who wouldn't wish who I was , But it's fun to fantasize<f0><U+009F><U+0099><U+0082><f0><U+009F><U+0099><U+0082>",FALSE,814,963,7,2011-08-20 00:33:02,5747,7200,"Cairo",TRUE,FALSE,26487,"en",FALSE,FALSE,FALSE,"DBE9ED","http://abs.twimg.com/images/themes/theme17/bg.gif","https://abs.twimg.com/images/themes/theme17/bg.gif",FALSE,"http://pbs.twimg.com/profile_images/878861071469219840/9oFkaIl0_normal.jpg","https://pbs.twimg.com/profile_images/878861071469219840/9oFkaIl0_normal.jpg","http://pbs.twimg.com/profile_images/878861071469219840/9oFkaIl0_normal.jpg","https://pbs.twimg.com/profile_images/878861071469219840/9oFkaIl0_normal.jpg","F58EA8","000000","E6F6F9","333333",TRUE,FALSE,FALSE,"https://pbs.twimg.com/profile_banners/358482594/1497104523"
"748634057664258049","<f0><U+009F><U+0091><U+008C>ΰ¥θο΅ ΅΅<f0><U+009F><U+0092><U+0093>","YouSseffarg3","London, England","nƒm‰:/Y<U+00F3><U+016B><U+0161><U+015B>f f<U+00E6><U+0159>g
19y‰ƒr
W.<U+00C4>:\01026938449
<U+26BD><U+017D><U+00E1>m<U+013E>ek&R‰<U+00E3>l mƒd<U+0155><U+0119><U+0111>
<f0><U+009F><U+008E><U+00A4>j–<U+0161>tin <U+00DF>‹<U+0117>ber&el j“k<U+0113><U+0159>
<f0><U+009F><U+008E><U+00B6> Z<U+00E3><U+00FF>n Mƒ<U+0142><U+00ED>k
<U+2661>Ronaldo\<U+00F5>zel\reus\ibrahimovice
#Άοκ_ιε©λ¤μ",FALSE,2438,1925,2,2016-06-30 21:47:23,112,NA,NA,FALSE,FALSE,1013,"en-gb",FALSE,FALSE,FALSE,"000000","http://abs.twimg.com/images/themes/theme1/bg.png","https://abs.twimg.com/images/themes/theme1/bg.png",FALSE,"http://pbs.twimg.com/profile_images/881999413681565696/XYIZvxO__normal.jpg","https://pbs.twimg.com/profile_images/881999413681565696/XYIZvxO__normal.jpg","http://pbs.twimg.com/profile_images/881999413681565696/XYIZvxO__normal.jpg","https://pbs.twimg.com/profile_images/881999413681565696/XYIZvxO__normal.jpg","981CEB","000000","000000","000000",FALSE,FALSE,FALSE,"https://pbs.twimg.com/profile_banners/748634057664258049/1494600825"
"4873093054","¥’κ§ν<U+06A8> <U+270C>","El_mogahed","El Qaliobia, Egypt","κμλ§« δ©ο  ιαν© <U+060C> κλ­¥θ¬  λθ Άηι  θΆο© Ά¥Ά ιλ ικγβκ ιτλ’ ουεμκ <U+060C> κΆβικλο¬  ™©θ ν λα γΆθ γλ ιtweets ιλθ κ¬ μΆν­ι ιομ <f0><U+009F><U+0098><U+008A>",FALSE,334,138,5,2016-02-03 01:42:03,1637,7200,"Cairo",TRUE,FALSE,2424,"en",FALSE,FALSE,FALSE,"000000","http://abs.twimg.com/images/themes/theme1/bg.png","https://abs.twimg.com/images/themes/theme1/bg.png",FALSE,"http://pbs.twimg.com/profile_images/867066822344024064/9GvKDQIM_normal.jpg","https://pbs.twimg.com/profile_images/867066822344024064/9GvKDQIM_normal.jpg","http://pbs.twimg.com/profile_images/867066822344024064/9GvKDQIM_normal.jpg","https://pbs.twimg.com/profile_images/867066822344024064/9GvKDQIM_normal.jpg","FAB81E","000000","000000","000000",FALSE,FALSE,FALSE,"https://pbs.twimg.com/profile_banners/4873093054/1488171425"
"768340838170693632","Mohamed FaragElgarhy","Mohamed89811720","θε© ι¬ο¦, κ­©","γ¬ ιιμ γ § Άθλ «γ§ ιλ«",FALSE,82,172,0,2016-08-24 06:55:05,79,NA,NA,FALSE,FALSE,82,"ar",FALSE,FALSE,FALSE,"F5F8FA",NA,NA,FALSE,"http://pbs.twimg.com/profile_images/884329696422490112/teeoulSg_normal.jpg","https://pbs.twimg.com/profile_images/884329696422490112/teeoulSg_normal.jpg","http://pbs.twimg.com/profile_images/884329696422490112/teeoulSg_normal.jpg","https://pbs.twimg.com/profile_images/884329696422490112/teeoulSg_normal.jpg","1DA1F2","C0DEED","DDEEF6","333333",TRUE,TRUE,FALSE,"https://pbs.twimg.com/profile_banners/768340838170693632/1479327195"
"884791957448523778","Zlatan Shirefovic","ZShirefovic","ιημ©΅, κ­©","#μινο_κλ¬«Ά©νο_ ©¬ινλο <f0><U+009F><U+0098><U+008E><f0><U+009F><U+0098><U+008E>",FALSE,105,279,0,2017-07-11 15:10:16,27,NA,NA,FALSE,FALSE,10,"ar",FALSE,FALSE,FALSE,"F5F8FA",NA,NA,FALSE,"http://pbs.twimg.com/profile_images/884794291134058496/BT1omyf__normal.jpg","https://pbs.twimg.com/profile_images/884794291134058496/BT1omyf__normal.jpg","http://pbs.twimg.com/profile_images/884794291134058496/BT1omyf__normal.jpg","https://pbs.twimg.com/profile_images/884794291134058496/BT1omyf__normal.jpg","1DA1F2","C0DEED","DDEEF6","333333",TRUE,TRUE,FALSE,"https://pbs.twimg.com/profile_banners/884791957448523778/1499786370"
"3733954762","Semo <U+270C>","so_2005",NA,"§μ ιθνλΆ ιΆλο  Άγο γι¬λ μλΰε ιεοεν©οΆ  §ι ι¥κμ @semo1287",FALSE,91,13,0,2015-09-22 01:27:54,984,-25200,"Pacific Time (US & Canada)",FALSE,FALSE,529,"ar",FALSE,FALSE,FALSE,"C0DEED","http://abs.twimg.com/images/themes/theme1/bg.png","https://abs.twimg.com/images/themes/theme1/bg.png",FALSE,"http://pbs.twimg.com/profile_images/748439110512148480/yPZ08DYq_normal.jpg","https://pbs.twimg.com/profile_images/748439110512148480/yPZ08DYq_normal.jpg","http://pbs.twimg.com/profile_images/748439110512148480/yPZ08DYq_normal.jpg","https://pbs.twimg.com/profile_images/748439110512148480/yPZ08DYq_normal.jpg","1DA1F2","C0DEED","DDEEF6","333333",TRUE,TRUE,FALSE,"https://pbs.twimg.com/profile_banners/3733954762/1464044864"
"4876289842","ΰ¥θ οκθλ Ά§νκ<U+2764><U+30C4>","semo1286","Egypt","<U+200F><U+200F><U+200F>ν ιλ ε<U+06D2> ιη§© ¬ο™ ¤κοι•΅ κ¦ μ ιλ ε­ © ¤κοι™<U+2764>",FALSE,94,51,0,2016-02-04 12:29:19,41,NA,NA,FALSE,FALSE,433,"ar",FALSE,FALSE,FALSE,"F5F8FA",NA,NA,FALSE,"http://pbs.twimg.com/profile_images/714250506135277568/MOLxCRqB_normal.jpg","https://pbs.twimg.com/profile_images/714250506135277568/MOLxCRqB_normal.jpg","http://pbs.twimg.com/profile_images/714250506135277568/MOLxCRqB_normal.jpg","https://pbs.twimg.com/profile_images/714250506135277568/MOLxCRqB_normal.jpg","1DA1F2","C0DEED","DDEEF6","333333",TRUE,TRUE,FALSE,"https://pbs.twimg.com/profile_banners/4876289842/1456622934"
"748634057664258049","<f0><U+009F><U+0091><U+008C>ΰ¥θο΅ ΅΅<f0><U+009F><U+0092><U+0093>","YouSseffarg3","London, England","nƒm‰:/Y<U+00F3><U+016B><U+0161><U+015B>f f<U+00E6><U+0159>g
19y‰ƒr
W.<U+00C4>:\01026938449
<U+26BD><U+017D><U+00E1>m<U+013E>ek&R‰<U+00E3>l mƒd<U+0155><U+0119><U+0111>
<f0><U+009F><U+008E><U+00A4>j–<U+0161>tin <U+00DF>‹<U+0117>ber&el j“k<U+0113><U+0159>
<f0><U+009F><U+008E><U+00B6> Z<U+00E3><U+00FF>n Mƒ<U+0142><U+00ED>k
<U+2661>Ronaldo\<U+00F5>zel\reus\ibrahimovice
#Άοκ_ιε©λ¤μ",FALSE,2438,1925,2,2016-06-30 21:47:23,112,NA,NA,FALSE,FALSE,1013,"en-gb",FALSE,FALSE,FALSE,"000000","http://abs.twimg.com/images/themes/theme1/bg.png","https://abs.twimg.com/images/themes/theme1/bg.png",FALSE,"http://pbs.twimg.com/profile_images/881999413681565696/XYIZvxO__normal.jpg","https://pbs.twimg.com/profile_images/881999413681565696/XYIZvxO__normal.jpg","http://pbs.twimg.com/profile_images/881999413681565696/XYIZvxO__normal.jpg","https://pbs.twimg.com/profile_images/881999413681565696/XYIZvxO__normal.jpg","981CEB","000000","000000","000000",FALSE,FALSE,FALSE,"https://pbs.twimg.com/profile_banners/748634057664258049/1494600825"
"2525163243","Ahmed Alsaadouny","0829b0274a88481",NA,"People are bastard - coated bastards with bastard filling .",FALSE,19,119,0,2014-05-03 10:14:45,70,NA,NA,FALSE,FALSE,52,"en",FALSE,FALSE,FALSE,"000000","http://abs.twimg.com/images/themes/theme1/bg.png","https://abs.twimg.com/images/themes/theme1/bg.png",FALSE,"http://pbs.twimg.com/profile_images/685213093073387521/rzaClhGT_normal.jpg","https://pbs.twimg.com/profile_images/685213093073387521/rzaClhGT_normal.jpg","http://pbs.twimg.com/profile_images/685213093073387521/rzaClhGT_normal.jpg","https://pbs.twimg.com/profile_images/685213093073387521/rzaClhGT_normal.jpg","4A913C","000000","000000","000000",FALSE,FALSE,FALSE,"https://pbs.twimg.com/profile_banners/2525163243/1452203308"
"875782264927531008","κο©","miro59626613",NA,"just him",FALSE,49,112,0,2017-06-16 18:28:58,0,NA,NA,FALSE,FALSE,1244,"en",FALSE,FALSE,FALSE,"F5F8FA",NA,NA,FALSE,"http://pbs.twimg.com/profile_images/875784167082127360/s3xmE82U_normal.jpg","https://pbs.twimg.com/profile_images/875784167082127360/s3xmE82U_normal.jpg","http://pbs.twimg.com/profile_images/875784167082127360/s3xmE82U_normal.jpg","https://pbs.twimg.com/profile_images/875784167082127360/s3xmE82U_normal.jpg","1DA1F2","C0DEED","DDEEF6","333333",TRUE,TRUE,FALSE,"https://pbs.twimg.com/profile_banners/875782264927531008/1497638273"
"804592945114611712","<U+200F>λς<U+06D2>•νυ9νυ©τ το‘<U+06D2>•λ","nour_z01","γ©εολ μνιλ§ ","<U+200F><U+200F><U+200F><U+200F><U+200F><U+200F><U+200F><U+200F>® ηυι μυντ ι©τ¥κλυ ™κτλ‘  φμφ νφγτιτομφ Άτντθτ‘ιλ ― κΆ¥« λο¬ γ ΆνοΆΆ κ¬ μΆδο© κ ινηγ ¬",FALSE,2583,2900,11,2016-12-02 07:48:01,1158,NA,NA,FALSE,FALSE,11371,"ar",FALSE,FALSE,FALSE,"F5F8FA",NA,NA,FALSE,"http://pbs.twimg.com/profile_images/881320021632446464/Y0pPt8_L_normal.jpg","https://pbs.twimg.com/profile_images/881320021632446464/Y0pPt8_L_normal.jpg","http://pbs.twimg.com/profile_images/881320021632446464/Y0pPt8_L_normal.jpg","https://pbs.twimg.com/profile_images/881320021632446464/Y0pPt8_L_normal.jpg","1DA1F2","C0DEED","DDEEF6","333333",TRUE,TRUE,FALSE,"https://pbs.twimg.com/profile_banners/804592945114611712/1499290906"
"2788490911","hussein","Aswanian_Boy","Aswan, Egypt","<f0><U+009F><U+0092><U+009D>Allah<f0><U+009F><U+0092><U+009D>Al_Ahly<f0><U+009F><U+0092><U+009D>Aswan<f0><U+009F><U+0092><U+009D>Realmadrid<f0><U+009F><U+0092><U+009D>Cr7<f0><U+009F><U+0092><U+009D>El_Madfa3gia<f0><U+009F><U+0092><U+009D>",FALSE,38,49,0,2014-09-03 19:08:00,238,-25200,"Pacific Time (US & Canada)",TRUE,FALSE,322,"en",FALSE,FALSE,FALSE,"C0DEED","http://abs.twimg.com/images/themes/theme1/bg.png","https://abs.twimg.com/images/themes/theme1/bg.png",FALSE,"http://pbs.twimg.com/profile_images/870538798819672064/OahFz89Z_normal.jpg","https://pbs.twimg.com/profile_images/870538798819672064/OahFz89Z_normal.jpg","http://pbs.twimg.com/profile_images/870538798819672064/OahFz89Z_normal.jpg","https://pbs.twimg.com/profile_images/870538798819672064/OahFz89Z_normal.jpg","1DA1F2","C0DEED","DDEEF6","333333",TRUE,TRUE,FALSE,"https://pbs.twimg.com/profile_banners/2788490911/1496387701"
"875782264927531008","κο©","miro59626613",NA,"just him",FALSE,49,112,0,2017-06-16 18:28:58,0,NA,NA,FALSE,FALSE,1244,"en",FALSE,FALSE,FALSE,"F5F8FA",NA,NA,FALSE,"http://pbs.twimg.com/profile_images/875784167082127360/s3xmE82U_normal.jpg","https://pbs.twimg.com/profile_images/875784167082127360/s3xmE82U_normal.jpg","http://pbs.twimg.com/profile_images/875784167082127360/s3xmE82U_normal.jpg","https://pbs.twimg.com/profile_images/875784167082127360/s3xmE82U_normal.jpg","1DA1F2","C0DEED","DDEEF6","333333",TRUE,TRUE,FALSE,"https://pbs.twimg.com/profile_banners/875782264927531008/1497638273"
"875782264927531008","κο©","miro59626613",NA,"just him",FALSE,49,112,0,2017-06-16 18:28:58,0,NA,NA,FALSE,FALSE,1244,"en",FALSE,FALSE,FALSE,"F5F8FA",NA,NA,FALSE,"http://pbs.twimg.com/profile_images/875784167082127360/s3xmE82U_normal.jpg","https://pbs.twimg.com/profile_images/875784167082127360/s3xmE82U_normal.jpg","http://pbs.twimg.com/profile_images/875784167082127360/s3xmE82U_normal.jpg","https://pbs.twimg.com/profile_images/875784167082127360/s3xmE82U_normal.jpg","1DA1F2","C0DEED","DDEEF6","333333",TRUE,TRUE,FALSE,"https://pbs.twimg.com/profile_banners/875782264927531008/1497638273"
"81367576","Tarek Elshafei","ttttarek","Alexandria, Egypt","<U+200F><U+200F>«τιυνλφο υ¤φ ’θυκ’<U+060C> ντ«’κτγυνλο υγ’¤φ ’θυκ’ <f0><U+009F><U+0098><U+0081><f0><U+009F><U+0091><U+008B>",FALSE,2847,518,14,2009-10-10 14:38:38,9955,7200,"Africa/Cairo",TRUE,FALSE,50652,"en",FALSE,FALSE,FALSE,"B2DFDA","http://pbs.twimg.com/profile_background_images/432560350/twitter_back_random.jpg","https://pbs.twimg.com/profile_background_images/432560350/twitter_back_random.jpg",TRUE,"http://pbs.twimg.com/profile_images/877160519874097152/DUQ-bBSG_normal.jpg","https://pbs.twimg.com/profile_images/877160519874097152/DUQ-bBSG_normal.jpg","http://pbs.twimg.com/profile_images/877160519874097152/DUQ-bBSG_normal.jpg","https://pbs.twimg.com/profile_images/877160519874097152/DUQ-bBSG_normal.jpg","93A644","EEEEEE","FFFFFF","333333",TRUE,FALSE,FALSE,"https://pbs.twimg.com/profile_banners/81367576/1452331215"
"737385482510848000","a7med samy","a7med56020905","ιημ©΅, κ­©","μλ¥©© ει«αολ νμλ­ιο εο ιη­ο φ ικ¤§ ιι¬μ§ φ ι¬μο§ γκ©ν ¥«ολ <f0><U+009F><U+0092><U+0099> φ ο«ηα κλ ¦λ φ 20 ¬μο§ ε ι¤λμ φ Curva suD .. εΆ¥  λκνΆ",FALSE,460,1803,3,2016-05-30 20:49:33,881,-25200,"Pacific Time (US & Canada)",TRUE,FALSE,8057,"ar",FALSE,FALSE,FALSE,"000000","http://abs.twimg.com/images/themes/theme1/bg.png","https://abs.twimg.com/images/themes/theme1/bg.png",FALSE,"http://pbs.twimg.com/profile_images/872051693881626624/uIS1P9Mh_normal.jpg","https://pbs.twimg.com/profile_images/872051693881626624/uIS1P9Mh_normal.jpg","http://pbs.twimg.com/profile_images/872051693881626624/uIS1P9Mh_normal.jpg","https://pbs.twimg.com/profile_images/872051693881626624/uIS1P9Mh_normal.jpg","F58EA8","000000","000000","000000",FALSE,FALSE,FALSE,"https://pbs.twimg.com/profile_banners/737385482510848000/1496101074"
"3733954762","Semo <U+270C>","so_2005",NA,"§μ ιθνλΆ ιΆλο  Άγο γι¬λ μλΰε ιεοεν©οΆ  §ι ι¥κμ @semo1287",FALSE,91,13,0,2015-09-22 01:27:54,984,-25200,"Pacific Time (US & Canada)",FALSE,FALSE,529,"ar",FALSE,FALSE,FALSE,"C0DEED","http://abs.twimg.com/images/themes/theme1/bg.png","https://abs.twimg.com/images/themes/theme1/bg.png",FALSE,"http://pbs.twimg.com/profile_images/748439110512148480/yPZ08DYq_normal.jpg","https://pbs.twimg.com/profile_images/748439110512148480/yPZ08DYq_normal.jpg","http://pbs.twimg.com/profile_images/748439110512148480/yPZ08DYq_normal.jpg","https://pbs.twimg.com/profile_images/748439110512148480/yPZ08DYq_normal.jpg","1DA1F2","C0DEED","DDEEF6","333333",TRUE,TRUE,FALSE,"https://pbs.twimg.com/profile_banners/3733954762/1464044864"
"4876289842","ΰ¥θ οκθλ Ά§νκ<U+2764><U+30C4>","semo1286","Egypt","<U+200F><U+200F><U+200F>ν ιλ ε<U+06D2> ιη§© ¬ο™ ¤κοι•΅ κ¦ μ ιλ ε­ © ¤κοι™<U+2764>",FALSE,94,51,0,2016-02-04 12:29:19,41,NA,NA,FALSE,FALSE,433,"ar",FALSE,FALSE,FALSE,"F5F8FA",NA,NA,FALSE,"http://pbs.twimg.com/profile_images/714250506135277568/MOLxCRqB_normal.jpg","https://pbs.twimg.com/profile_images/714250506135277568/MOLxCRqB_normal.jpg","http://pbs.twimg.com/profile_images/714250506135277568/MOLxCRqB_normal.jpg","https://pbs.twimg.com/profile_images/714250506135277568/MOLxCRqB_normal.jpg","1DA1F2","C0DEED","DDEEF6","333333",TRUE,TRUE,FALSE,"https://pbs.twimg.com/profile_banners/4876289842/1456622934"
"357871050","ι_ νλξ","ABANOUBBONY","EGYPT","<U+200F>μλ ο©η§  ©νεοι ικα¥νλ αι  ια  ιη αξ ιγικλξ  ιμινξ ιιο ©ιξ  ( Άγ ι¦κ©΅ ν ιλ«νλ )   
 ιιμ ιναλ ι£ν©΅ ιμιξ   http://t.co/WeRMcK36l2<U+200E>",FALSE,631,620,2,2011-08-19 01:18:28,199,NA,NA,TRUE,FALSE,8258,"en",FALSE,FALSE,FALSE,"000000","http://pbs.twimg.com/profile_background_images/378800000024439732/f68458de45c022dbca780e464bd4b253.jpeg","https://pbs.twimg.com/profile_background_images/378800000024439732/f68458de45c022dbca780e464bd4b253.jpeg",TRUE,"http://pbs.twimg.com/profile_images/873214364488224768/dwvdL3qo_normal.jpg","https://pbs.twimg.com/profile_images/873214364488224768/dwvdL3qo_normal.jpg","http://pbs.twimg.com/profile_images/873214364488224768/dwvdL3qo_normal.jpg","https://pbs.twimg.com/profile_images/873214364488224768/dwvdL3qo_normal.jpg","0E94ED","000000","DDEEF6","333333",TRUE,FALSE,FALSE,"https://pbs.twimg.com/profile_banners/357871050/1437701989"
"3392891200","¤κο","AlfawalGmal","ηλ, κ­©","λ  λ #ιθολ <U+270C>
λ  λ #ιΆιΆ΅.¬κι 
λ  λ #­ι¥_«ιοκ 
λ ¦ν ι 74
νγ¬η #ιμιο ιοννννκ ι§ολ 
λ # λ_ιμιο <U+2764> <U+2665>
λ   «αμ #γ¬η_ιιμιξ",FALSE,543,955,3,2015-07-28 22:52:56,2170,NA,NA,TRUE,FALSE,2257,"ar",FALSE,FALSE,FALSE,"C0DEED","http://abs.twimg.com/images/themes/theme1/bg.png","https://abs.twimg.com/images/themes/theme1/bg.png",FALSE,"http://pbs.twimg.com/profile_images/879935767698702341/08fu17Sm_normal.jpg","https://pbs.twimg.com/profile_images/879935767698702341/08fu17Sm_normal.jpg","http://pbs.twimg.com/profile_images/879935767698702341/08fu17Sm_normal.jpg","https://pbs.twimg.com/profile_images/879935767698702341/08fu17Sm_normal.jpg","1DA1F2","C0DEED","DDEEF6","333333",TRUE,TRUE,FALSE,"https://pbs.twimg.com/profile_banners/3392891200/1487621730"
"234753480","Nada Ghanim","NadaGhanime","Zell am See, Austria","ι Ά¤§ι ι¥κη , εη§ ο¦α ιλ« εο ιΆε©οη  ολθκ",FALSE,311,208,3,2011-01-06 13:47:13,892,-25200,"Pacific Time (US & Canada)",TRUE,FALSE,985,"en",FALSE,FALSE,FALSE,"C0DEED","http://abs.twimg.com/images/themes/theme1/bg.png","https://abs.twimg.com/images/themes/theme1/bg.png",FALSE,"http://pbs.twimg.com/profile_images/879934329916456960/Iw-Qk5mJ_normal.jpg","https://pbs.twimg.com/profile_images/879934329916456960/Iw-Qk5mJ_normal.jpg","http://pbs.twimg.com/profile_images/879934329916456960/Iw-Qk5mJ_normal.jpg","https://pbs.twimg.com/profile_images/879934329916456960/Iw-Qk5mJ_normal.jpg","1DA1F2","C0DEED","DDEEF6","333333",TRUE,TRUE,FALSE,"https://pbs.twimg.com/profile_banners/234753480/1496436934"
"884574162345504768","Hadeel Dou","hadeel_dou",NA,"No one",FALSE,23,82,0,2017-07-11 00:44:49,4,NA,NA,FALSE,FALSE,23,"en",FALSE,FALSE,FALSE,"F5F8FA",NA,NA,FALSE,"http://pbs.twimg.com/profile_images/884575500450103299/3-WupPs-_normal.jpg","https://pbs.twimg.com/profile_images/884575500450103299/3-WupPs-_normal.jpg","http://pbs.twimg.com/profile_images/884575500450103299/3-WupPs-_normal.jpg","https://pbs.twimg.com/profile_images/884575500450103299/3-WupPs-_normal.jpg","1DA1F2","C0DEED","DDEEF6","333333",TRUE,TRUE,FALSE,"https://pbs.twimg.com/profile_banners/884574162345504768/1499736973"
"720745824116977664","Mero Badr","merobadr2223",NA,NA,FALSE,303,574,1,2016-04-14 22:49:30,7614,NA,NA,FALSE,FALSE,2836,"en",FALSE,FALSE,FALSE,"F5F8FA",NA,NA,FALSE,"http://pbs.twimg.com/profile_images/720746781852700673/o6fH3Ev2_normal.jpg","https://pbs.twimg.com/profile_images/720746781852700673/o6fH3Ev2_normal.jpg","http://pbs.twimg.com/profile_images/720746781852700673/o6fH3Ev2_normal.jpg","https://pbs.twimg.com/profile_images/720746781852700673/o6fH3Ev2_normal.jpg","1DA1F2","C0DEED","DDEEF6","333333",TRUE,TRUE,FALSE,"https://pbs.twimg.com/profile_banners/720745824116977664/1493581712"
"833257702449111040","ι ¬κμλ§«","rGPIampMWuPlhlD",NA,"ιμιο κ§©ο§ νθεξ <U+2665><U+FE0F><U+2665><U+FE0F><U+2665><U+FE0F><f0><U+009F><U+0092><U+00AA>",FALSE,49,263,0,2017-02-19 10:11:32,543,NA,NA,FALSE,FALSE,216,"ar",FALSE,FALSE,FALSE,"F5F8FA",NA,NA,FALSE,"http://pbs.twimg.com/profile_images/867719571825971200/cYq8-gYY_normal.jpg","https://pbs.twimg.com/profile_images/867719571825971200/cYq8-gYY_normal.jpg","http://pbs.twimg.com/profile_images/867719571825971200/cYq8-gYY_normal.jpg","https://pbs.twimg.com/profile_images/867719571825971200/cYq8-gYY_normal.jpg","1DA1F2","C0DEED","DDEEF6","333333",TRUE,TRUE,FALSE,"https://pbs.twimg.com/profile_banners/833257702449111040/1495715440"
"4853314354","H<U+0103>l<U+0103> khaire","brill_31","κο§λ ιΆ¥©ο©","<U+200F><U+200F><U+200F><U+200F><U+200F><U+200F><U+200F><U+200F><U+200F><U+200F><U+200F><U+200F><U+200F><U+200F><U+200F><U+200F><U+200F><U+200F><U+200F><U+200F><U+200F>γ© ομ...ιο ©ιο΅...¥©θ΅ ¬   #6 ©οι<U+270A>..¤ μ΅ 
ικηνκμ ικ­©ο΅
...α ν© ¦κ«...
#ει«αολ<f0><U+009F><U+0092><U+0096> #ιη«κ<U+2764>...#25ολο©<U+270C> #Black_lovers",FALSE,2414,2547,7,2016-01-27 11:23:02,2377,NA,NA,FALSE,FALSE,11447,"en",FALSE,FALSE,FALSE,"F5F8FA",NA,NA,FALSE,"http://pbs.twimg.com/profile_images/884118061707669505/DY8erzWi_normal.jpg","https://pbs.twimg.com/profile_images/884118061707669505/DY8erzWi_normal.jpg","http://pbs.twimg.com/profile_images/884118061707669505/DY8erzWi_normal.jpg","https://pbs.twimg.com/profile_images/884118061707669505/DY8erzWi_normal.jpg","1DA1F2","C0DEED","DDEEF6","333333",TRUE,TRUE,FALSE,"https://pbs.twimg.com/profile_banners/4853314354/1493845796"
"763028315326320640","mena ?","mena_samy11","El mahalla","why so serious ?",FALSE,371,695,3,2016-08-09 15:05:01,86,NA,NA,FALSE,FALSE,9555,"en",FALSE,FALSE,FALSE,"F5F8FA",NA,NA,FALSE,"http://pbs.twimg.com/profile_images/884658551213502468/Ku4kTfcU_normal.jpg","https://pbs.twimg.com/profile_images/884658551213502468/Ku4kTfcU_normal.jpg","http://pbs.twimg.com/profile_images/884658551213502468/Ku4kTfcU_normal.jpg","https://pbs.twimg.com/profile_images/884658551213502468/Ku4kTfcU_normal.jpg","1DA1F2","C0DEED","DDEEF6","333333",TRUE,TRUE,FALSE,"https://pbs.twimg.com/profile_banners/763028315326320640/1499659726"
"3733954762","Semo <U+270C>","so_2005",NA,"§μ ιθνλΆ ιΆλο  Άγο γι¬λ μλΰε ιεοεν©οΆ  §ι ι¥κμ @semo1287",FALSE,91,13,0,2015-09-22 01:27:54,984,-25200,"Pacific Time (US & Canada)",FALSE,FALSE,529,"ar",FALSE,FALSE,FALSE,"C0DEED","http://abs.twimg.com/images/themes/theme1/bg.png","https://abs.twimg.com/images/themes/theme1/bg.png",FALSE,"http://pbs.twimg.com/profile_images/748439110512148480/yPZ08DYq_normal.jpg","https://pbs.twimg.com/profile_images/748439110512148480/yPZ08DYq_normal.jpg","http://pbs.twimg.com/profile_images/748439110512148480/yPZ08DYq_normal.jpg","https://pbs.twimg.com/profile_images/748439110512148480/yPZ08DYq_normal.jpg","1DA1F2","C0DEED","DDEEF6","333333",TRUE,TRUE,FALSE,"https://pbs.twimg.com/profile_banners/3733954762/1464044864"
"4876289842","ΰ¥θ οκθλ Ά§νκ<U+2764><U+30C4>","semo1286","Egypt","<U+200F><U+200F><U+200F>ν ιλ ε<U+06D2> ιη§© ¬ο™ ¤κοι•΅ κ¦ μ ιλ ε­ © ¤κοι™<U+2764>",FALSE,94,51,0,2016-02-04 12:29:19,41,NA,NA,FALSE,FALSE,433,"ar",FALSE,FALSE,FALSE,"F5F8FA",NA,NA,FALSE,"http://pbs.twimg.com/profile_images/714250506135277568/MOLxCRqB_normal.jpg","https://pbs.twimg.com/profile_images/714250506135277568/MOLxCRqB_normal.jpg","http://pbs.twimg.com/profile_images/714250506135277568/MOLxCRqB_normal.jpg","https://pbs.twimg.com/profile_images/714250506135277568/MOLxCRqB_normal.jpg","1DA1F2","C0DEED","DDEEF6","333333",TRUE,TRUE,FALSE,"https://pbs.twimg.com/profile_banners/4876289842/1456622934"
"883969399832666112","Kemo El3dwy","Kemoel3dwy","Ismalia, Egypt","Kemo El3dwy 
Ismalila 
22 yard 
Uyd",FALSE,29,374,0,2017-07-09 08:41:43,34,NA,NA,FALSE,FALSE,66,"en",FALSE,FALSE,FALSE,"F5F8FA",NA,NA,FALSE,"http://pbs.twimg.com/profile_images/884215709957533697/ALO7aqdv_normal.jpg","https://pbs.twimg.com/profile_images/884215709957533697/ALO7aqdv_normal.jpg","http://pbs.twimg.com/profile_images/884215709957533697/ALO7aqdv_normal.jpg","https://pbs.twimg.com/profile_images/884215709957533697/ALO7aqdv_normal.jpg","1DA1F2","C0DEED","DDEEF6","333333",TRUE,TRUE,FALSE,"https://pbs.twimg.com/profile_banners/883969399832666112/1499648428"
"3733954762","Semo <U+270C>","so_2005",NA,"§μ ιθνλΆ ιΆλο  Άγο γι¬λ μλΰε ιεοεν©οΆ  §ι ι¥κμ @semo1287",FALSE,91,13,0,2015-09-22 01:27:54,984,-25200,"Pacific Time (US & Canada)",FALSE,FALSE,529,"ar",FALSE,FALSE,FALSE,"C0DEED","http://abs.twimg.com/images/themes/theme1/bg.png","https://abs.twimg.com/images/themes/theme1/bg.png",FALSE,"http://pbs.twimg.com/profile_images/748439110512148480/yPZ08DYq_normal.jpg","https://pbs.twimg.com/profile_images/748439110512148480/yPZ08DYq_normal.jpg","http://pbs.twimg.com/profile_images/748439110512148480/yPZ08DYq_normal.jpg","https://pbs.twimg.com/profile_images/748439110512148480/yPZ08DYq_normal.jpg","1DA1F2","C0DEED","DDEEF6","333333",TRUE,TRUE,FALSE,"https://pbs.twimg.com/profile_banners/3733954762/1464044864"
"4876289842","ΰ¥θ οκθλ Ά§νκ<U+2764><U+30C4>","semo1286","Egypt","<U+200F><U+200F><U+200F>ν ιλ ε<U+06D2> ιη§© ¬ο™ ¤κοι•΅ κ¦ μ ιλ ε­ © ¤κοι™<U+2764>",FALSE,94,51,0,2016-02-04 12:29:19,41,NA,NA,FALSE,FALSE,433,"ar",FALSE,FALSE,FALSE,"F5F8FA",NA,NA,FALSE,"http://pbs.twimg.com/profile_images/714250506135277568/MOLxCRqB_normal.jpg","https://pbs.twimg.com/profile_images/714250506135277568/MOLxCRqB_normal.jpg","http://pbs.twimg.com/profile_images/714250506135277568/MOLxCRqB_normal.jpg","https://pbs.twimg.com/profile_images/714250506135277568/MOLxCRqB_normal.jpg","1DA1F2","C0DEED","DDEEF6","333333",TRUE,TRUE,FALSE,"https://pbs.twimg.com/profile_banners/4876289842/1456622934"
"3733954762","Semo <U+270C>","so_2005",NA,"§μ ιθνλΆ ιΆλο  Άγο γι¬λ μλΰε ιεοεν©οΆ  §ι ι¥κμ @semo1287",FALSE,91,13,0,2015-09-22 01:27:54,984,-25200,"Pacific Time (US & Canada)",FALSE,FALSE,529,"ar",FALSE,FALSE,FALSE,"C0DEED","http://abs.twimg.com/images/themes/theme1/bg.png","https://abs.twimg.com/images/themes/theme1/bg.png",FALSE,"http://pbs.twimg.com/profile_images/748439110512148480/yPZ08DYq_normal.jpg","https://pbs.twimg.com/profile_images/748439110512148480/yPZ08DYq_normal.jpg","http://pbs.twimg.com/profile_images/748439110512148480/yPZ08DYq_normal.jpg","https://pbs.twimg.com/profile_images/748439110512148480/yPZ08DYq_normal.jpg","1DA1F2","C0DEED","DDEEF6","333333",TRUE,TRUE,FALSE,"https://pbs.twimg.com/profile_banners/3733954762/1464044864"
"4876289842","ΰ¥θ οκθλ Ά§νκ<U+2764><U+30C4>","semo1286","Egypt","<U+200F><U+200F><U+200F>ν ιλ ε<U+06D2> ιη§© ¬ο™ ¤κοι•΅ κ¦ μ ιλ ε­ © ¤κοι™<U+2764>",FALSE,94,51,0,2016-02-04 12:29:19,41,NA,NA,FALSE,FALSE,433,"ar",FALSE,FALSE,FALSE,"F5F8FA",NA,NA,FALSE,"http://pbs.twimg.com/profile_images/714250506135277568/MOLxCRqB_normal.jpg","https://pbs.twimg.com/profile_images/714250506135277568/MOLxCRqB_normal.jpg","http://pbs.twimg.com/profile_images/714250506135277568/MOLxCRqB_normal.jpg","https://pbs.twimg.com/profile_images/714250506135277568/MOLxCRqB_normal.jpg","1DA1F2","C0DEED","DDEEF6","333333",TRUE,TRUE,FALSE,"https://pbs.twimg.com/profile_banners/4876289842/1456622934"
"739435093178093568","<U+00C2>HM<U+00C9><U+0110>","AHHMED_20","ικ©ο¦","Ahmed Abd El Samiea .                                         
Zamalkawy - Madridey - CR7 - Asala                        specialist Medical analysis . 20 sana .",FALSE,160,148,0,2016-06-05 12:33:59,59,NA,NA,FALSE,FALSE,71,"ar",FALSE,FALSE,FALSE,"F5F8FA",NA,NA,FALSE,"http://pbs.twimg.com/profile_images/884380953308790784/L_KFHVfK_normal.jpg","https://pbs.twimg.com/profile_images/884380953308790784/L_KFHVfK_normal.jpg","http://pbs.twimg.com/profile_images/884380953308790784/L_KFHVfK_normal.jpg","https://pbs.twimg.com/profile_images/884380953308790784/L_KFHVfK_normal.jpg","1DA1F2","C0DEED","DDEEF6","333333",TRUE,TRUE,FALSE,"https://pbs.twimg.com/profile_banners/739435093178093568/1499684791"
"875782264927531008","κο©","miro59626613",NA,"just him",FALSE,49,112,0,2017-06-16 18:28:58,0,NA,NA,FALSE,FALSE,1244,"en",FALSE,FALSE,FALSE,"F5F8FA",NA,NA,FALSE,"http://pbs.twimg.com/profile_images/875784167082127360/s3xmE82U_normal.jpg","https://pbs.twimg.com/profile_images/875784167082127360/s3xmE82U_normal.jpg","http://pbs.twimg.com/profile_images/875784167082127360/s3xmE82U_normal.jpg","https://pbs.twimg.com/profile_images/875784167082127360/s3xmE82U_normal.jpg","1DA1F2","C0DEED","DDEEF6","333333",TRUE,TRUE,FALSE,"https://pbs.twimg.com/profile_banners/875782264927531008/1497638273"
"817040428830703616","Samy''","oezil_samy","Mansoura.","<U+200F><U+200F><U+200F><U+200F><U+200F>ι©οη <f0><U+009F><U+0098><U+008E><f0><U+009F><U+0092><U+00AA>
<U+200F><U+200F><U+200F><U+200F><U+200F><U+200F><U+200F><U+200F><U+200F>νοι £κ  ηο ιγικ.<f0><U+009F><U+0092><U+009D><f0><U+009F><U+0092><U+0099>
γκ©ν ¥«λ <f0><U+009F><U+008E><U+0080><f0><U+009F><U+008C><U+00B8>
©«λιο <U+060C> κ§©ο§ο <U+060C> μινο <f0><U+009F><U+0091><U+008C><f0><U+009F><U+0092><U+009D>",FALSE,182,69,1,2017-01-05 16:09:52,1233,NA,NA,FALSE,FALSE,1174,"ar",FALSE,FALSE,FALSE,"F5F8FA",NA,NA,FALSE,"http://pbs.twimg.com/profile_images/884754557695393794/Y8XionrA_normal.jpg","https://pbs.twimg.com/profile_images/884754557695393794/Y8XionrA_normal.jpg","http://pbs.twimg.com/profile_images/884754557695393794/Y8XionrA_normal.jpg","https://pbs.twimg.com/profile_images/884754557695393794/Y8XionrA_normal.jpg","1DA1F2","C0DEED","DDEEF6","333333",TRUE,TRUE,FALSE,"https://pbs.twimg.com/profile_banners/817040428830703616/1498878826"
"2427260421"," ©΅ ι§λο","mercy0bullet",NA,NA,FALSE,1546,1029,14,2014-03-21 17:07:17,31290,-25200,"Pacific Time (US & Canada)",FALSE,FALSE,103750,"en",FALSE,FALSE,FALSE,"C0DEED","http://abs.twimg.com/images/themes/theme1/bg.png","https://abs.twimg.com/images/themes/theme1/bg.png",FALSE,"http://pbs.twimg.com/profile_images/882844747005648896/nfr-x8S2_normal.jpg","https://pbs.twimg.com/profile_images/882844747005648896/nfr-x8S2_normal.jpg","http://pbs.twimg.com/profile_images/882844747005648896/nfr-x8S2_normal.jpg","https://pbs.twimg.com/profile_images/882844747005648896/nfr-x8S2_normal.jpg","1DA1F2","C0DEED","DDEEF6","333333",TRUE,TRUE,FALSE,"https://pbs.twimg.com/profile_banners/2427260421/1487083852"
"875782264927531008","κο©","miro59626613",NA,"just him",FALSE,49,112,0,2017-06-16 18:28:58,0,NA,NA,FALSE,FALSE,1244,"en",FALSE,FALSE,FALSE,"F5F8FA",NA,NA,FALSE,"http://pbs.twimg.com/profile_images/875784167082127360/s3xmE82U_normal.jpg","https://pbs.twimg.com/profile_images/875784167082127360/s3xmE82U_normal.jpg","http://pbs.twimg.com/profile_images/875784167082127360/s3xmE82U_normal.jpg","https://pbs.twimg.com/profile_images/875784167082127360/s3xmE82U_normal.jpg","1DA1F2","C0DEED","DDEEF6","333333",TRUE,TRUE,FALSE,"https://pbs.twimg.com/profile_banners/875782264927531008/1497638273"
"875782264927531008","κο©","miro59626613",NA,"just him",FALSE,49,112,0,2017-06-16 18:28:58,0,NA,NA,FALSE,FALSE,1244,"en",FALSE,FALSE,FALSE,"F5F8FA",NA,NA,FALSE,"http://pbs.twimg.com/profile_images/875784167082127360/s3xmE82U_normal.jpg","https://pbs.twimg.com/profile_images/875784167082127360/s3xmE82U_normal.jpg","http://pbs.twimg.com/profile_images/875784167082127360/s3xmE82U_normal.jpg","https://pbs.twimg.com/profile_images/875784167082127360/s3xmE82U_normal.jpg","1DA1F2","C0DEED","DDEEF6","333333",TRUE,TRUE,FALSE,"https://pbs.twimg.com/profile_banners/875782264927531008/1497638273"
"391246432","Hossam Ashour","7ossam_3ashour","Cairo, Egypt","<U+200F><U+200F><U+200F><U+200F><U+200F><U+200F><U+200F><U+200F><U+200F><U+200F><U+200F><U+200F><U+200F><U+200F><U+200F><U+200F><U+200F><U+200F><U+200F><U+200F><U+200F><U+200F><U+200F><U+200F><U+200F><U+200F>ν¥•••§ «•κ‘•••μ ι•κ•••λ γ•¬•••ν©",FALSE,91,369,0,2011-10-15 08:30:54,608,7200,"Cairo",FALSE,FALSE,108,"en",FALSE,FALSE,FALSE,"B2DFDA","http://pbs.twimg.com/profile_background_images/753863844/003bf7247f206e5fc9b79659bca12e4c.jpeg","https://pbs.twimg.com/profile_background_images/753863844/003bf7247f206e5fc9b79659bca12e4c.jpeg",TRUE,"http://pbs.twimg.com/profile_images/874112793900961807/9Xul3e1Q_normal.jpg","https://pbs.twimg.com/profile_images/874112793900961807/9Xul3e1Q_normal.jpg","http://pbs.twimg.com/profile_images/874112793900961807/9Xul3e1Q_normal.jpg","https://pbs.twimg.com/profile_images/874112793900961807/9Xul3e1Q_normal.jpg","93A644","FFFFFF","FFFFFF","333333",TRUE,FALSE,FALSE,"https://pbs.twimg.com/profile_banners/391246432/1489012925"
"825506869183672325","Zeinab","Zeinab12917573",NA,"ιαει΅΅ ι ©ο΅΅ <U+2764>",FALSE,44,32,1,2017-01-29 00:52:29,13,NA,NA,FALSE,FALSE,90,"ar",FALSE,FALSE,FALSE,"F5F8FA",NA,NA,FALSE,"http://pbs.twimg.com/profile_images/884012392258129920/ASLi6n4l_normal.jpg","https://pbs.twimg.com/profile_images/884012392258129920/ASLi6n4l_normal.jpg","http://pbs.twimg.com/profile_images/884012392258129920/ASLi6n4l_normal.jpg","https://pbs.twimg.com/profile_images/884012392258129920/ASLi6n4l_normal.jpg","1DA1F2","C0DEED","DDEEF6","333333",TRUE,TRUE,FALSE,"https://pbs.twimg.com/profile_banners/825506869183672325/1498895564"
"762374003281584128","Abdo Elatar","ma4008602",NA,NA,FALSE,3351,5002,44,2016-08-07 19:45:01,4526,7200,"Cairo",TRUE,FALSE,9444,"ar",FALSE,FALSE,FALSE,"F5F8FA",NA,NA,FALSE,"http://pbs.twimg.com/profile_images/883123842482397184/wvAahISW_normal.jpg","https://pbs.twimg.com/profile_images/883123842482397184/wvAahISW_normal.jpg","http://pbs.twimg.com/profile_images/883123842482397184/wvAahISW_normal.jpg","https://pbs.twimg.com/profile_images/883123842482397184/wvAahISW_normal.jpg","1DA1F2","C0DEED","DDEEF6","333333",TRUE,TRUE,FALSE,"https://pbs.twimg.com/profile_banners/762374003281584128/1473010627"
"872488046209454080","Hagar Hegazy","HagarHegazy5",NA,NA,FALSE,13,18,0,2017-06-07 16:18:55,13,NA,NA,FALSE,FALSE,155,"en",FALSE,FALSE,FALSE,"F5F8FA",NA,NA,FALSE,"http://pbs.twimg.com/profile_images/876963083788451840/vhuqeQOu_normal.jpg","https://pbs.twimg.com/profile_images/876963083788451840/vhuqeQOu_normal.jpg","http://pbs.twimg.com/profile_images/876963083788451840/vhuqeQOu_normal.jpg","https://pbs.twimg.com/profile_images/876963083788451840/vhuqeQOu_normal.jpg","1DA1F2","C0DEED","DDEEF6","333333",TRUE,TRUE,FALSE,NA
"4781817863","κ¥κ§ κμ©","dSO4uw0UbSXjR8a","θΆν © ","κ­©ο «λο κν¥§  ιιμ §©« εο ¤κγ΅ ιμ©  θιο΅ ι§γν΅ ι«ικο΅ η«κ ι§ολ νικ¨μ  Ά¦­­ γκ θ£© κ  δΰμ ιβικ  θι λνγμ",FALSE,148,404,0,2016-01-12 06:56:38,100,NA,NA,FALSE,FALSE,169,"ar",FALSE,FALSE,FALSE,"F5F8FA",NA,NA,FALSE,"http://pbs.twimg.com/profile_images/872189171019984898/KcmVWhEJ_normal.jpg","https://pbs.twimg.com/profile_images/872189171019984898/KcmVWhEJ_normal.jpg","http://pbs.twimg.com/profile_images/872189171019984898/KcmVWhEJ_normal.jpg","https://pbs.twimg.com/profile_images/872189171019984898/KcmVWhEJ_normal.jpg","1DA1F2","C0DEED","DDEEF6","333333",TRUE,TRUE,FALSE,NA
"877273404218515458","Mira Mira","MiraMir03848542","El Monofia, Egypt",NA,FALSE,5,21,0,2017-06-20 21:14:13,0,NA,NA,FALSE,FALSE,92,"en",FALSE,FALSE,FALSE,"F5F8FA",NA,NA,FALSE,"http://pbs.twimg.com/profile_images/877273809128226816/D7etixe3_normal.jpg","https://pbs.twimg.com/profile_images/877273809128226816/D7etixe3_normal.jpg","http://pbs.twimg.com/profile_images/877273809128226816/D7etixe3_normal.jpg","https://pbs.twimg.com/profile_images/877273809128226816/D7etixe3_normal.jpg","1DA1F2","C0DEED","DDEEF6","333333",TRUE,TRUE,FALSE,NA
"872488046209454080","Hagar Hegazy","HagarHegazy5",NA,NA,FALSE,13,18,0,2017-06-07 16:18:55,13,NA,NA,FALSE,FALSE,155,"en",FALSE,FALSE,FALSE,"F5F8FA",NA,NA,FALSE,"http://pbs.twimg.com/profile_images/876963083788451840/vhuqeQOu_normal.jpg","https://pbs.twimg.com/profile_images/876963083788451840/vhuqeQOu_normal.jpg","http://pbs.twimg.com/profile_images/876963083788451840/vhuqeQOu_normal.jpg","https://pbs.twimg.com/profile_images/876963083788451840/vhuqeQOu_normal.jpg","1DA1F2","C0DEED","DDEEF6","333333",TRUE,TRUE,FALSE,NA
"357871050","ι_ νλξ","ABANOUBBONY","EGYPT","<U+200F>μλ ο©η§  ©νεοι ικα¥νλ αι  ια  ιη αξ ιγικλξ  ιμινξ ιιο ©ιξ  ( Άγ ι¦κ©΅ ν ιλ«νλ )   
 ιιμ ιναλ ι£ν©΅ ιμιξ   http://t.co/WeRMcK36l2<U+200E>",FALSE,631,620,2,2011-08-19 01:18:28,199,NA,NA,TRUE,FALSE,8258,"en",FALSE,FALSE,FALSE,"000000","http://pbs.twimg.com/profile_background_images/378800000024439732/f68458de45c022dbca780e464bd4b253.jpeg","https://pbs.twimg.com/profile_background_images/378800000024439732/f68458de45c022dbca780e464bd4b253.jpeg",TRUE,"http://pbs.twimg.com/profile_images/873214364488224768/dwvdL3qo_normal.jpg","https://pbs.twimg.com/profile_images/873214364488224768/dwvdL3qo_normal.jpg","http://pbs.twimg.com/profile_images/873214364488224768/dwvdL3qo_normal.jpg","https://pbs.twimg.com/profile_images/873214364488224768/dwvdL3qo_normal.jpg","0E94ED","000000","DDEEF6","333333",TRUE,FALSE,FALSE,"https://pbs.twimg.com/profile_banners/357871050/1437701989"
"872488046209454080","Hagar Hegazy","HagarHegazy5",NA,NA,FALSE,13,18,0,2017-06-07 16:18:55,13,NA,NA,FALSE,FALSE,155,"en",FALSE,FALSE,FALSE,"F5F8FA",NA,NA,FALSE,"http://pbs.twimg.com/profile_images/876963083788451840/vhuqeQOu_normal.jpg","https://pbs.twimg.com/profile_images/876963083788451840/vhuqeQOu_normal.jpg","http://pbs.twimg.com/profile_images/876963083788451840/vhuqeQOu_normal.jpg","https://pbs.twimg.com/profile_images/876963083788451840/vhuqeQOu_normal.jpg","1DA1F2","C0DEED","DDEEF6","333333",TRUE,TRUE,FALSE,NA
"872488046209454080","Hagar Hegazy","HagarHegazy5",NA,NA,FALSE,13,18,0,2017-06-07 16:18:55,13,NA,NA,FALSE,FALSE,155,"en",FALSE,FALSE,FALSE,"F5F8FA",NA,NA,FALSE,"http://pbs.twimg.com/profile_images/876963083788451840/vhuqeQOu_normal.jpg","https://pbs.twimg.com/profile_images/876963083788451840/vhuqeQOu_normal.jpg","http://pbs.twimg.com/profile_images/876963083788451840/vhuqeQOu_normal.jpg","https://pbs.twimg.com/profile_images/876963083788451840/vhuqeQOu_normal.jpg","1DA1F2","C0DEED","DDEEF6","333333",TRUE,TRUE,FALSE,NA
"872488046209454080","Hagar Hegazy","HagarHegazy5",NA,NA,FALSE,13,18,0,2017-06-07 16:18:55,13,NA,NA,FALSE,FALSE,155,"en",FALSE,FALSE,FALSE,"F5F8FA",NA,NA,FALSE,"http://pbs.twimg.com/profile_images/876963083788451840/vhuqeQOu_normal.jpg","https://pbs.twimg.com/profile_images/876963083788451840/vhuqeQOu_normal.jpg","http://pbs.twimg.com/profile_images/876963083788451840/vhuqeQOu_normal.jpg","https://pbs.twimg.com/profile_images/876963083788451840/vhuqeQOu_normal.jpg","1DA1F2","C0DEED","DDEEF6","333333",TRUE,TRUE,FALSE,NA
"442202286","z*e*i*n*a","0_zeina_0","εξ  οΆλ","<U+200F><U+200F><U+200F><U+200F> γλ§ξ ικ©©΅ ε«κγλξ «θΆθ
  



Married",FALSE,18189,105,64,2011-12-20 21:28:08,4456,10800,"Athens",FALSE,FALSE,28450,"en",FALSE,FALSE,FALSE,"DBE9ED","http://pbs.twimg.com/profile_background_images/378800000122417717/ff8f34fe8ce66b0c5fe72133c052285a.jpeg","https://pbs.twimg.com/profile_background_images/378800000122417717/ff8f34fe8ce66b0c5fe72133c052285a.jpeg",TRUE,"http://pbs.twimg.com/profile_images/852591979104002050/g5BVxraN_normal.jpg","https://pbs.twimg.com/profile_images/852591979104002050/g5BVxraN_normal.jpg","http://pbs.twimg.com/profile_images/852591979104002050/g5BVxraN_normal.jpg","https://pbs.twimg.com/profile_images/852591979104002050/g5BVxraN_normal.jpg","CC3366","000000","EADEAA","333333",TRUE,FALSE,FALSE,NA
"833257702449111040","ι ¬κμλ§«","rGPIampMWuPlhlD",NA,"ιμιο κ§©ο§ νθεξ <U+2665><U+FE0F><U+2665><U+FE0F><U+2665><U+FE0F><f0><U+009F><U+0092><U+00AA>",FALSE,49,263,0,2017-02-19 10:11:32,543,NA,NA,FALSE,FALSE,216,"ar",FALSE,FALSE,FALSE,"F5F8FA",NA,NA,FALSE,"http://pbs.twimg.com/profile_images/867719571825971200/cYq8-gYY_normal.jpg","https://pbs.twimg.com/profile_images/867719571825971200/cYq8-gYY_normal.jpg","http://pbs.twimg.com/profile_images/867719571825971200/cYq8-gYY_normal.jpg","https://pbs.twimg.com/profile_images/867719571825971200/cYq8-gYY_normal.jpg","1DA1F2","C0DEED","DDEEF6","333333",TRUE,TRUE,FALSE,"https://pbs.twimg.com/profile_banners/833257702449111040/1495715440"
"832638686390951936","κ­αεξ ι­ο©εξ","vaQwsuJrIi6lUdu","ι¬©ηο΅, κ­©","<U+200F>λ  ¥  ναλξ νε¦ν©  ©ο«ξ ¨ θλΆ κ£ιξ γκι κΆ γμ ν¨ θλΆ κλ  Άνγ ι« ν μ ¨μ  ιξ ι¤¥οκ ιιμ ο«κ¥  νθ Ά© οΆμ θλΆ λη­μ ι«ε",FALSE,2630,5000,3,2017-02-17 17:11:47,14585,NA,NA,TRUE,FALSE,11429,"ar",FALSE,FALSE,FALSE,"F5F8FA",NA,NA,FALSE,"http://pbs.twimg.com/profile_images/868879241361936384/AHto8MKw_normal.jpg","https://pbs.twimg.com/profile_images/868879241361936384/AHto8MKw_normal.jpg","http://pbs.twimg.com/profile_images/868879241361936384/AHto8MKw_normal.jpg","https://pbs.twimg.com/profile_images/868879241361936384/AHto8MKw_normal.jpg","1DA1F2","C0DEED","DDEEF6","333333",TRUE,TRUE,FALSE,"https://pbs.twimg.com/profile_banners/832638686390951936/1492822926"
"866781756258742272","©§ον ¬ |Radio Shab","radio_shab",NA,"©§ον ¬ |Radio Shab ηλμ ονΆον  κ¦Ά­μ  ­§©  ©κ¤ γομ ¦­μ  ομ Άλ«  θεμ ιεΆ νιγκ© λγ§θκ  κ¥Άνξ ¤ο§ ν¬οη  §νλ Ά¤νΆ λ¬ ιιμ",FALSE,17,0,1,2017-05-22 22:24:09,0,7200,"Cairo",FALSE,FALSE,356,"ar",FALSE,FALSE,FALSE,"F5F8FA",NA,NA,FALSE,"http://pbs.twimg.com/profile_images/881666392143089664/6J1VViAN_normal.jpg","https://pbs.twimg.com/profile_images/881666392143089664/6J1VViAN_normal.jpg","http://pbs.twimg.com/profile_images/881666392143089664/6J1VViAN_normal.jpg","https://pbs.twimg.com/profile_images/881666392143089664/6J1VViAN_normal.jpg","1DA1F2","C0DEED","DDEEF6","333333",TRUE,TRUE,FALSE,"https://pbs.twimg.com/profile_banners/866781756258742272/1499731558"
"3303230519","<f0><U+009F><U+0092><U+0095>Nany<f0><U+009F><U+0092><U+00AB>M.S.K<f0><U+009F><U+0091><U+0091><f0><U+009F><U+0092><U+0095>","NohaKawash",NA,"Art<f0><U+009F><U+008E><U+00A8>is my world<f0><U+009F><U+008C><U+008D><U+270C><f0><U+009F><U+0098><U+008D>
Gemini<U+264A><U+FE0F><f0><U+009F><U+008E><U+00AD>
love my job<f0><U+009F><U+0091><U+008C><f0><U+009F><U+008E><U+00A8><f0><U+009F><U+0091><U+0088>
 happiness is Bubbly<f0><U+009F><U+008D><U+00AB><f0><U+009F><U+0098><U+008B><f0><U+009F><U+0098><U+008A>",FALSE,33,142,1,2015-05-29 22:15:56,1116,-25200,"Pacific Time (US & Canada)",FALSE,FALSE,111,"en",FALSE,FALSE,FALSE,"000000","http://abs.twimg.com/images/themes/theme1/bg.png","https://abs.twimg.com/images/themes/theme1/bg.png",FALSE,"http://pbs.twimg.com/profile_images/842790382723325953/tcwjg_WM_normal.jpg","https://pbs.twimg.com/profile_images/842790382723325953/tcwjg_WM_normal.jpg","http://pbs.twimg.com/profile_images/842790382723325953/tcwjg_WM_normal.jpg","https://pbs.twimg.com/profile_images/842790382723325953/tcwjg_WM_normal.jpg","E81C4F","000000","000000","000000",FALSE,FALSE,FALSE,"https://pbs.twimg.com/profile_banners/3303230519/1479488306"
"2936648793","Bass EM <U+00AE>","BassemM36544913","Sina <f0><U+009F><U+008C><U+008D>","""<U+00DF>lack<f0><U+009F><U+0096><U+00A4>"".<f0><U+009F><U+008E><U+00BC>Fayiroz""Samozen &Amr dyab .. <U+2615><U+FE0F>.<f0><U+009F><U+009A><U+00AC>driving'speed'dragzZ; *Morgwana*day<f0><U+009F><U+009A><U+00AC>20/4.my dream car #Lancer_Evoliotion <U+2022>ios<f0><U+009F><U+0093><U+00B1> world <f0><U+009F><U+008C><U+008E>",FALSE,560,231,3,2014-12-22 08:59:52,37,NA,NA,FALSE,FALSE,2481,"en",FALSE,FALSE,FALSE,"000000","http://abs.twimg.com/images/themes/theme1/bg.png","https://abs.twimg.com/images/themes/theme1/bg.png",FALSE,"http://pbs.twimg.com/profile_images/884364587407224832/kyVlWtil_normal.jpg","https://pbs.twimg.com/profile_images/884364587407224832/kyVlWtil_normal.jpg","http://pbs.twimg.com/profile_images/884364587407224832/kyVlWtil_normal.jpg","https://pbs.twimg.com/profile_images/884364587407224832/kyVlWtil_normal.jpg","1B95E0","000000","000000","000000",FALSE,FALSE,FALSE,"https://pbs.twimg.com/profile_banners/2936648793/1499771021"
"851909669455097857","googoog","GoogoogAa396389",NA,NA,FALSE,26,50,0,2017-04-11 21:27:47,454,NA,NA,FALSE,FALSE,719,"ar",FALSE,FALSE,FALSE,"F5F8FA",NA,NA,FALSE,"http://pbs.twimg.com/profile_images/851909836979793921/5LiYa502_normal.jpg","https://pbs.twimg.com/profile_images/851909836979793921/5LiYa502_normal.jpg","http://pbs.twimg.com/profile_images/851909836979793921/5LiYa502_normal.jpg","https://pbs.twimg.com/profile_images/851909836979793921/5LiYa502_normal.jpg","1DA1F2","C0DEED","DDEEF6","333333",TRUE,TRUE,FALSE,"https://pbs.twimg.com/profile_banners/851909669455097857/1491946185"
"3305554930","ι ¬θΆ μ κοκν <U+270C>","Hmama_Emaa","δν£κ «οΆο  ","<U+200F><U+200F><U+200F><U+200F><U+200F><U+200F><U+200F><U+200F><U+200F><U+200F><U+200F><U+200F><U+200F><U+200F><U+200F><U+200F><U+200F><U+200F><U+200F><U+200F><U+200F><U+200F><U+200F><U+200F><U+200F><U+200F><U+200F> Faculty OF Commerce
/κ ο¥§£ μλ ιοκΆ ιινηγ  ­ιμ νο Ά¬ μ  ολμκ εμν κλ κ¥ΰ ι­§εμ ι ¥Άμ NO DM/ ¦ε κλ ιηαα<U+270B> #Άοκ_ικ ¥£",FALSE,11438,10992,9,2015-06-01 11:22:28,203,NA,NA,FALSE,FALSE,25574,"ar",FALSE,FALSE,FALSE,"C0DEED","http://abs.twimg.com/images/themes/theme1/bg.png","https://abs.twimg.com/images/themes/theme1/bg.png",FALSE,"http://pbs.twimg.com/profile_images/882382356698419200/NTMjflPm_normal.jpg","https://pbs.twimg.com/profile_images/882382356698419200/NTMjflPm_normal.jpg","http://pbs.twimg.com/profile_images/882382356698419200/NTMjflPm_normal.jpg","https://pbs.twimg.com/profile_images/882382356698419200/NTMjflPm_normal.jpg","1DA1F2","C0DEED","DDEEF6","333333",TRUE,TRUE,FALSE,"https://pbs.twimg.com/profile_banners/3305554930/1492539927"
"884869924098854913","bosbos","bobos244","ικλνεο΅, κ­©","@ZSCOfficial ιν «κ¥Άκ §γν ιι¬μ§",FALSE,3,111,0,2017-07-11 20:20:04,1,NA,NA,FALSE,FALSE,9,"ar",FALSE,FALSE,FALSE,"F5F8FA",NA,NA,FALSE,"http://pbs.twimg.com/profile_images/884876025594818561/ShpinQRj_normal.jpg","https://pbs.twimg.com/profile_images/884876025594818561/ShpinQRj_normal.jpg","http://pbs.twimg.com/profile_images/884876025594818561/ShpinQRj_normal.jpg","https://pbs.twimg.com/profile_images/884876025594818561/ShpinQRj_normal.jpg","1DA1F2","C0DEED","DDEEF6","333333",TRUE,TRUE,FALSE,"https://pbs.twimg.com/profile_banners/884869924098854913/1499805855"
"357871050","ι_ νλξ","ABANOUBBONY","EGYPT","<U+200F>μλ ο©η§  ©νεοι ικα¥νλ αι  ια  ιη αξ ιγικλξ  ιμινξ ιιο ©ιξ  ( Άγ ι¦κ©΅ ν ιλ«νλ )   
 ιιμ ιναλ ι£ν©΅ ιμιξ   http://t.co/WeRMcK36l2<U+200E>",FALSE,631,620,2,2011-08-19 01:18:28,199,NA,NA,TRUE,FALSE,8258,"en",FALSE,FALSE,FALSE,"000000","http://pbs.twimg.com/profile_background_images/378800000024439732/f68458de45c022dbca780e464bd4b253.jpeg","https://pbs.twimg.com/profile_background_images/378800000024439732/f68458de45c022dbca780e464bd4b253.jpeg",TRUE,"http://pbs.twimg.com/profile_images/873214364488224768/dwvdL3qo_normal.jpg","https://pbs.twimg.com/profile_images/873214364488224768/dwvdL3qo_normal.jpg","http://pbs.twimg.com/profile_images/873214364488224768/dwvdL3qo_normal.jpg","https://pbs.twimg.com/profile_images/873214364488224768/dwvdL3qo_normal.jpg","0E94ED","000000","DDEEF6","333333",TRUE,FALSE,FALSE,"https://pbs.twimg.com/profile_banners/357871050/1437701989"
"829027046881972228","©¤ο΅ ι¤λμ","sara_moshkla","κλ  ι§ ιιμ","¬ννε ικεΰι΅  κθλ Άιηξ λε«θ  ολ ι«αν© νι¥©ε<U+200F><U+FD3F>κοι’εβυ κφλ ην’ι ι ι§το’μ ©τηφο ς γτΆφο§<U+FD3E>",FALSE,1853,2928,0,2017-02-07 18:00:25,140,NA,NA,TRUE,FALSE,1868,"ar",FALSE,FALSE,FALSE,"F5F8FA",NA,NA,FALSE,"http://pbs.twimg.com/profile_images/856365814152409088/MLC9IPnJ_normal.jpg","https://pbs.twimg.com/profile_images/856365814152409088/MLC9IPnJ_normal.jpg","http://pbs.twimg.com/profile_images/856365814152409088/MLC9IPnJ_normal.jpg","https://pbs.twimg.com/profile_images/856365814152409088/MLC9IPnJ_normal.jpg","1DA1F2","C0DEED","DDEEF6","333333",TRUE,TRUE,FALSE,"https://pbs.twimg.com/profile_banners/829027046881972228/1487451000"
"844736941748862980","Deda","Farida66640001",NA,"λ  ¬γ κκ‘ Άβλ‘<U+061B>να’μ© κκ‘ ΆΆ¦ο‘ι <U+061B>ν¬©« κκ‘ ΆΆν‘ηγ <U+061B>ναο  κκ‘ ΆΆ­ν© <U+061B>νιθλ εγιθ ν¥§μ μο ικ«νι΅ γλ ¦©ν¤ "" ικιθ ν ι¬οαλ ι¨ο  §¦ιο
<U+270B><U+270B> κκλνγ ι¦­",FALSE,1877,348,4,2017-03-23 02:25:56,5971,7200,"Cairo",FALSE,FALSE,17921,"ar",FALSE,FALSE,FALSE,"F5F8FA",NA,NA,FALSE,"http://pbs.twimg.com/profile_images/883381660946976768/aco8zAiW_normal.jpg","https://pbs.twimg.com/profile_images/883381660946976768/aco8zAiW_normal.jpg","http://pbs.twimg.com/profile_images/883381660946976768/aco8zAiW_normal.jpg","https://pbs.twimg.com/profile_images/883381660946976768/aco8zAiW_normal.jpg","1DA1F2","C0DEED","DDEEF6","333333",TRUE,TRUE,FALSE,"https://pbs.twimg.com/profile_banners/844736941748862980/1496943236"
"871554216657072128","Sheroη• <f0><U+009F><U+0087><U+00AA><f0><U+009F><U+0087><U+00AC><U+26BD>","shero5551","El Daqahlia, Egypt","<U+200F><U+200F>ι™μιο μν λΆκο κλ ­δ©ο ι¥§ ικκΆ<U+2764>
my uncle <f0><U+009F><U+0092><U+0099>
Saleh Slem. ικ¤§ ιι¬μ§ <f0><U+009F><U+0092><U+009B>
Amr  Hassan <f0><U+009F><U+0093><U+009D><f0><U+009F><U+0092><U+009C>
I miss you So much  <f0><U+009F><U+0092><U+0094>",FALSE,11,141,0,2017-06-05 02:28:12,766,NA,NA,FALSE,FALSE,68,"en",FALSE,FALSE,FALSE,"000000","http://abs.twimg.com/images/themes/theme1/bg.png","https://abs.twimg.com/images/themes/theme1/bg.png",FALSE,"http://pbs.twimg.com/profile_images/879087404216446976/SPd8VyMW_normal.jpg","https://pbs.twimg.com/profile_images/879087404216446976/SPd8VyMW_normal.jpg","http://pbs.twimg.com/profile_images/879087404216446976/SPd8VyMW_normal.jpg","https://pbs.twimg.com/profile_images/879087404216446976/SPd8VyMW_normal.jpg","FF691F","000000","000000","000000",FALSE,FALSE,FALSE,"https://pbs.twimg.com/profile_banners/871554216657072128/1496632285"
"2155737589","MR.M“h<U+00E1>md f<U+0105>hm<U+00FD>","fihaloo",NA,"<U+200F><U+200F>θι ¬γν  ιγικ ι Άγ©ε κ¨ ο¥§£ εξ ικ«Άη ι ι ι¬γ  ικ­©ξ ελμ ι ογ©ε κ¨ ο¥§£ ιλ ..<U+061F>",FALSE,524,2464,2,2013-10-25 22:46:21,522,-25200,"Pacific Time (US & Canada)",FALSE,FALSE,2096,"en",FALSE,FALSE,FALSE,"C0DEED","http://pbs.twimg.com/profile_background_images/433347108641325056/k1nnERUA.jpeg","https://pbs.twimg.com/profile_background_images/433347108641325056/k1nnERUA.jpeg",TRUE,"http://pbs.twimg.com/profile_images/804643867366748161/k7CCmeQX_normal.jpg","https://pbs.twimg.com/profile_images/804643867366748161/k7CCmeQX_normal.jpg","http://pbs.twimg.com/profile_images/804643867366748161/k7CCmeQX_normal.jpg","https://pbs.twimg.com/profile_images/804643867366748161/k7CCmeQX_normal.jpg","0084B4","000000","DDEEF6","333333",TRUE,FALSE,FALSE,"https://pbs.twimg.com/profile_banners/2155737589/1391969275"
"765978459344629760","εαφκτ<U+06C1> <f0><U+009F><U+008C><U+00B8>","fatema3id",NA,"<U+200F><U+200F><U+200F>ΰτ¥φθτ΅ς κ‘υ«’Άτ ’¬φ©τ΅ς <f0><U+009F><U+008C><U+00B8>
λ νιητλυνλ νμτν‘θ <f0><U+009F><U+0092><U+0099>",FALSE,337,87,1,2016-08-17 18:27:50,1196,NA,NA,FALSE,FALSE,286,"en",FALSE,FALSE,FALSE,"F5F8FA",NA,NA,FALSE,"http://pbs.twimg.com/profile_images/884838478873329664/uTbzVLHS_normal.jpg","https://pbs.twimg.com/profile_images/884838478873329664/uTbzVLHS_normal.jpg","http://pbs.twimg.com/profile_images/884838478873329664/uTbzVLHS_normal.jpg","https://pbs.twimg.com/profile_images/884838478873329664/uTbzVLHS_normal.jpg","1DA1F2","C0DEED","DDEEF6","333333",TRUE,TRUE,FALSE,"https://pbs.twimg.com/profile_banners/765978459344629760/1498180047"
